Rk,Name,Yrs,From,To,ASG,WAR,G,PA,AB,R,H,2B,3B,HR,RBI,SB,CS,BB,SO,BA,OBP,SLG,OPS,Debut,Age,Tm,Name-additional,DataY,Tipo
2,Luisangel Acuña,3,2024,2026,0,0.6,168,380,349,52,83,11,1,4,24,30,4,21,69,0.238,0.285,0.309,0.594,Sep 14 2024,23,NYM,acunajo01,2025,Bateador
7,Nacho Alvarez Jr.,2,2024,2025,0,0.3,66,240,218,19,47,12,0,2,15,0,0,12,59,0.216,0.277,0.298,0.575,Jul 22 2024,22,ATL,alvarna01,2025,Bateador
8,Adael Amador,2,2024,2025,0,-1.7,51,164,148,6,26,8,0,1,10,2,1,12,33,0.176,0.242,0.25,0.492,Jun 9 2024,22,COL,amadoad01,2025,Bateador
9,Roman Anthony,2,2025,2026,0,4.0,101,433,366,60,100,23,2,9,37,6,1,60,117,0.273,0.383,0.421,0.804,Jun 9 2025,21,BOS,anthoro01,2025,Bateador
13,Drake Baldwin,2,2025,2026,0,4.8,184,712,641,98,171,24,2,33,119,1,1,63,134,0.267,0.338,0.465,0.803,Mar 27 2025,24,ATL,baldwdr01,2025,Bateador
14,Jorge Barrosa,3,2024,2026,0,-0.9,100,219,197,27,33,15,1,3,18,1,0,12,59,0.168,0.22,0.299,0.519,Apr 1 2024,24,ARI,barrojo01,2025,Bateador
18,Warming Bernabel,1,2025,2025,0,0.0,40,146,139,15,35,8,1,4,14,1,1,7,25,0.252,0.288,0.41,0.698,Jul 26 2025,23,COL,bernawa01,2025,Bateador
20,Ryan Bliss,3,2024,2026,0,0.3,47,120,106,11,22,4,1,3,13,7,5,10,36,0.208,0.28,0.349,0.629,May 27 2024,25,SEA,blissry01,2025,Bateador
29,Jac Caglianone,2,2025,2026,0,0.7,141,533,482,58,104,18,3,21,48,4,1,43,143,0.216,0.291,0.396,0.687,Jun 3 2025,22,KCR,caglija01,2025,Bateador
30,Tyler Callihan,2,2025,2026,0,-0.2,26,73,63,9,15,2,2,3,14,1,0,8,22,0.238,0.329,0.476,0.805,Apr 30 2025,25,CIN,callity01,2025,Bateador
32,Kristian Campbell,1,2025,2025,0,-0.9,67,263,229,24,51,10,0,6,21,2,1,29,72,0.223,0.319,0.345,0.664,Mar 27 2025,23,BOS,campbkr01,2025,Bateador
33,Gustavo Campero,2,2024,2025,0,-0.4,41,114,104,15,21,1,1,4,14,7,1,5,22,0.202,0.272,0.346,0.618,Sep 15 2024,27,LAA,campegu01,2025,Bateador
37,Andrés Chaparro,3,2024,2026,0,-0.6,92,261,232,24,45,17,0,5,25,1,1,22,59,0.194,0.28,0.332,0.612,Aug 13 2024,26,WSN,chapaan01,2025,Bateador
38,Denzel Clarke,2,2025,2026,0,0.5,69,219,201,22,43,9,2,3,14,8,0,10,85,0.214,0.262,0.323,0.585,May 23 2025,25,ATH/OAK,clarkde02,2025,Bateador
39,Isaac Collins,3,2024,2026,0,1.4,217,742,627,86,155,36,3,12,78,21,11,93,168,0.247,0.353,0.372,0.724,Sep 8 2024,27,MIL,colliis01,2025,Bateador
40,Griffin Conine,3,2024,2026,0,1.5,73,231,210,36,56,14,1,8,30,2,1,19,68,0.267,0.333,0.457,0.79,Aug 26 2024,27,MIA,coningr01,2025,Bateador
41,Carlos Cortes,2,2025,2026,0,0.7,108,308,278,28,79,17,2,10,36,1,0,24,45,0.284,0.344,0.468,0.812,Jul 23 2025,28,ATH/OAK,corteca01,2025,Bateador
42,Dylan Crews,3,2024,2026,0,1.2,153,604,554,75,119,18,3,18,52,33,8,39,133,0.215,0.278,0.356,0.634,Aug 26 2024,23,WSN,crewsdy01,2025,Bateador
46,Adrian Del Castillo,3,2024,2026,0,-0.3,118,375,344,32,81,15,0,12,56,1,1,27,120,0.235,0.291,0.384,0.674,Aug 7 2024,25,ARI,delcaad01,2025,Bateador
47,Zach Dezenzo,3,2024,2026,0,0.1,74,225,207,27,48,12,0,5,20,1,0,18,78,0.232,0.293,0.362,0.656,Aug 6 2024,25,HOU,dezenza01,2025,Bateador
51,Jasson Domínguez,4,2023,2026,0,0.9,174,625,558,80,136,27,1,19,67,33,5,58,164,0.244,0.317,0.398,0.715,Sep 1 2023,22,NYY,dominja01,2025,Bateador
53,Blake Dunn,3,2024,2026,0,0.7,87,259,228,38,53,10,1,4,15,9,4,20,69,0.232,0.32,0.338,0.658,Jun 4 2024,26,CIN,dunnbl01,2025,Bateador
54,Caleb Durbin,2,2025,2026,0,4.4,213,780,695,91,172,42,1,18,88,27,9,46,91,0.247,0.317,0.388,0.706,Apr 18 2025,25,MIL,durbica01,2025,Bateador
56,Tim Elko,1,2025,2025,0,-0.5,23,72,67,6,9,1,0,4,8,1,0,5,30,0.134,0.194,0.328,0.523,May 10 2025,26,CHW,elkoti01,2025,Bateador
59,J.C. Escarra,2,2025,2026,0,0.1,72,190,169,13,33,10,1,2,18,1,0,17,32,0.195,0.268,0.302,0.57,Mar 29 2025,30,NYY,escarjc01,2025,Bateador
63,Yanquiel Fernández,1,2025,2025,0,-0.8,52,147,138,13,31,5,0,4,11,0,0,8,44,0.225,0.265,0.348,0.613,Jul 2 2025,22,COL,fernaya01,2025,Bateador
66,Ryan Fitzgerald,1,2025,2025,0,0.2,24,53,46,10,9,0,0,4,9,1,0,7,8,0.196,0.302,0.457,0.758,May 16 2025,31,MIN,fitzgry01,2025,Bateador
68,Justin Foscue,3,2024,2026,0,-0.5,57,150,138,14,27,8,0,5,18,0,0,9,44,0.196,0.253,0.362,0.616,Apr 5 2024,26,TEX,foscuju01,2025,Bateador
69,Cody Freeman,2,2025,2026,0,-0.6,43,139,131,14,30,4,0,3,15,1,1,6,24,0.229,0.261,0.328,0.589,Jul 18 2025,24,TEX,freemco01,2025,Bateador
70,Braxton Fulford,2,2025,2026,0,-0.2,66,172,151,22,32,8,2,2,23,5,0,13,56,0.212,0.279,0.331,0.61,Apr 16 2025,26,COL,fulfobr01,2025,Bateador
71,Mickey Gasper,3,2024,2026,0,-0.4,92,252,220,27,41,6,1,2,18,2,1,23,49,0.186,0.276,0.25,0.526,Aug 12 2024,29,MIN,gaspemi01,2025,Bateador
74,Drew Gilbert,2,2025,2026,0,-0.1,105,301,267,32,57,13,3,6,29,1,4,25,54,0.213,0.291,0.352,0.643,Aug 8 2025,24,SFG,gilbedr01,2025,Bateador
82,Tristan Gray,4,2023,2026,0,-0.2,103,287,262,25,59,11,0,8,38,2,0,18,85,0.225,0.274,0.359,0.632,Sep 16 2023,29,TBR,graytr01,2025,Bateador
86,Maverick Handley,2,2025,2026,0,-0.9,17,48,42,2,3,0,0,0,3,0,0,2,19,0.071,0.13,0.071,0.202,Apr 29 2025,27,BAL,handlma01,2025,Bateador
88,Robert Hassell III,1,2025,2025,0,-0.2,70,206,197,22,44,9,0,3,18,4,0,8,62,0.223,0.257,0.315,0.572,May 22 2025,23,WSN,hassero02,2025,Bateador
89,Michael Helman,3,2024,2026,0,0.9,62,155,139,22,31,8,1,6,22,4,0,8,30,0.223,0.278,0.424,0.703,Sep 3 2024,29,TEX,helmami01,2025,Bateador
92,Heriberto Hernández,2,2025,2026,0,1.5,143,483,425,58,105,16,2,18,74,6,3,49,122,0.247,0.327,0.421,0.748,May 30 2025,25,MIA,hernahe01,2025,Bateador
94,Liam Hicks,2,2025,2026,0,3.5,193,684,586,78,153,20,2,19,98,3,0,72,84,0.261,0.351,0.399,0.751,Mar 28 2025,26,MIA,hicksli01,2025,Bateador
96,Rece Hinds,3,2024,2026,0,0.0,51,131,122,17,21,8,1,7,19,2,0,6,55,0.172,0.221,0.426,0.648,Jul 8 2024,24,CIN,hindsre01,2025,Bateador
100,Brady House,2,2025,2026,0,-0.6,117,451,424,48,98,18,0,11,54,6,3,21,128,0.231,0.264,0.351,0.615,Jun 16 2025,22,WSN,housebr01,2025,Bateador
102,Jacob Hurtubise,2,2024,2025,0,-0.3,41,83,66,10,11,1,1,0,4,2,0,7,24,0.167,0.291,0.212,0.503,May 13 2024,27,CIN,hurtuja01,2025,Bateador
103,Jeremiah Jackson,2,2025,2026,0,1.0,114,389,369,43,97,18,2,12,53,2,3,15,90,0.263,0.296,0.42,0.716,Aug 1 2025,25,BAL,jacksje02,2025,Bateador
105,Troy Johnston,2,2025,2026,0,0.3,121,405,365,43,110,24,1,7,49,6,6,32,75,0.301,0.364,0.43,0.794,Jul 29 2025,28,MIA,johnstr02,2025,Bateador
106,Jace Jung,3,2024,2026,0,-1.0,58,157,132,23,25,5,0,0,6,0,1,24,46,0.189,0.318,0.227,0.546,Aug 16 2024,24,DET,jungja01,2025,Bateador
107,Connor Kaiser,2,2023,2025,0,-0.4,14,23,22,1,2,1,0,0,2,0,0,1,7,0.091,0.13,0.136,0.267,Jun 19 2023,28,ARI,kaiseco01,2025,Bateador
108,Kyle Karros,2,2025,2026,0,1.0,124,427,370,58,91,20,1,6,34,2,0,49,99,0.246,0.337,0.354,0.691,Aug 8 2025,22,COL,karroky01,2025,Bateador
109,Niko Kavadas,2,2024,2025,0,-0.6,40,129,113,11,19,2,0,4,8,1,0,14,51,0.168,0.271,0.292,0.563,Aug 16 2024,26,LAA,kavadni01,2025,Bateador
110,CJ Kayfus,2,2025,2026,0,0.2,53,163,145,20,31,11,1,5,21,4,0,13,46,0.214,0.29,0.407,0.697,Aug 2 2025,23,CLE,kayfucj01,2025,Bateador
111,Luke Keaschall,2,2025,2026,0,2.2,130,524,460,65,123,26,1,6,52,26,6,50,78,0.267,0.349,0.367,0.717,Apr 18 2025,22,MIN,keasclu01,2025,Bateador
112,DaShawn Keirsey Jr.,2,2024,2025,0,-1.2,80,102,97,12,11,0,0,3,7,10,3,2,34,0.113,0.149,0.206,0.355,Sep 5 2024,28,MIN,keirsda01,2025,Bateador
113,Otto Kemp,2,2025,2026,0,-0.8,75,245,222,26,48,11,0,8,28,2,2,13,77,0.216,0.282,0.374,0.656,Jun 7 2025,25,PHI,kempot01,2025,Bateador
114,Hyeseong Kim,2,2025,2026,0,2.3,114,301,277,35,75,9,2,4,28,18,2,19,83,0.271,0.318,0.361,0.679,May 3 2025,26,LAD,kimhy02,2025,Bateador
116,Christian Koss,2,2025,2026,0,1.6,83,206,188,26,47,10,0,3,23,4,1,9,47,0.25,0.296,0.351,0.647,Apr 1 2025,27,SFG,kossch01,2025,Bateador
117,Nick Kurtz,2,2025,2026,0,8.8,202,874,728,149,207,41,3,55,150,9,2,138,269,0.284,0.4,0.576,0.975,Apr 23 2025,22,ATH/OAK,kurtzni01,2025,Bateador
118,Jordan Lawlar,3,2023,2026,0,0.2,54,152,135,17,28,9,0,1,9,7,1,11,47,0.207,0.289,0.296,0.586,Sep 7 2023,22,ARI,lawlajo01,2025,Bateador
122,Pedro León,1,2024,2024,0,-0.3,7,21,20,2,2,0,0,0,0,2,0,1,10,0.1,0.143,0.1,0.243,Aug 3 2024,27,PHI,leonpe01,2025,Bateador
123,Daylen Lile,2,2025,2026,0,1.8,176,714,652,97,179,33,14,17,80,15,11,45,117,0.275,0.326,0.446,0.772,May 23 2025,22,WSN,lileda01,2025,Bateador
124,Tyler Locklear,2,2024,2025,0,-1.4,47,165,148,14,25,1,0,5,9,4,1,13,63,0.169,0.255,0.277,0.532,Jun 9 2024,24,ARI,locklty01,2025,Bateador
129,Matthew Lugo,1,2025,2025,0,-0.5,31,70,69,9,16,2,1,4,9,0,0,0,24,0.232,0.243,0.464,0.707,May 9 2025,24,LAA,lugoma01,2025,Bateador
130,Willie MacIver,1,2025,2025,0,-0.3,32,111,102,7,19,5,0,3,9,3,0,7,27,0.186,0.252,0.324,0.576,May 25 2025,28,ATH/OAK,macivwi01,2025,Bateador
132,Jake Mangum,2,2025,2026,0,1.8,183,634,594,61,176,26,1,4,54,41,11,30,102,0.296,0.333,0.364,0.697,Mar 30 2025,29,TBR,manguja01,2025,Bateador
133,Jakob Marsee,2,2025,2026,0,1.4,139,585,505,69,117,29,6,9,54,32,15,66,130,0.232,0.33,0.366,0.696,Aug 1 2025,24,MIA,marseja01,2025,Bateador
135,Ronny Mauricio,3,2023,2026,0,0.3,101,336,313,33,71,11,0,9,21,11,0,22,101,0.227,0.28,0.348,0.628,Sep 1 2023,24,NYM,mauriro01,2025,Bateador
136,Marcelo Mayer,2,2025,2026,0,0.3,114,364,332,39,74,18,1,7,32,3,2,24,85,0.223,0.278,0.346,0.625,May 24 2025,22,BOS,mayerma01,2025,Bateador
137,Coby Mayo,3,2024,2026,0,-1.2,169,571,514,62,101,21,0,21,59,4,0,49,183,0.196,0.275,0.36,0.635,Aug 2 2024,23,BAL,mayoco01,2025,Bateador
140,Mason McCoy,3,2023,2025,0,-0.2,43,84,72,14,13,3,0,0,4,3,0,8,27,0.181,0.272,0.222,0.494,Aug 30 2023,30,SDP,mccoyma01,2025,Bateador
144,Chase Meidroth,2,2025,2026,0,3.0,204,853,756,104,198,30,0,11,50,16,6,78,157,0.262,0.336,0.345,0.681,Apr 11 2025,23,CHW,meidrch01,2025,Bateador
150,Kameron Misner,3,2024,2026,0,0.0,92,266,244,28,52,10,1,5,26,11,2,17,92,0.213,0.265,0.324,0.589,Aug 2 2024,27,TBR,misneka01,2025,Bateador
152,Colson Montgomery,2,2025,2026,0,5.2,152,622,554,83,127,24,1,42,104,1,1,55,191,0.229,0.311,0.504,0.814,Jul 4 2025,23,CHW,montgco01,2025,Bateador
154,Christian Moore,2,2025,2026,0,-0.3,59,206,182,20,36,5,1,7,17,3,1,20,73,0.198,0.278,0.352,0.63,Jun 13 2025,22,LAA,moorech03,2025,Bateador
158,Max Muncy,2,2025,2026,0,-0.8,107,387,355,39,79,14,2,14,43,4,3,21,123,0.223,0.276,0.392,0.668,Mar 27 2025,22,ATH/OAK,muncyma02,2025,Bateador
159,Carlos Narváez,3,2024,2026,0,2.7,173,619,556,66,127,33,0,17,55,2,1,51,168,0.228,0.296,0.379,0.675,Jul 20 2024,26,BOS,narvaca01,2025,Bateador
164,Alejandro Osuna,2,2025,2026,0,0.4,115,340,293,27,68,8,0,2,29,9,6,35,58,0.232,0.33,0.28,0.61,May 25 2025,22,TEX,osunaal02,2025,Bateador
166,Graham Pauley,3,2024,2026,0,-0.1,111,313,284,31,56,17,1,7,27,3,1,26,74,0.197,0.264,0.338,0.602,Mar 20 2024,24,MIA,paulegr01,2025,Bateador
168,Everson Pereira,3,2023,2026,0,-1.0,71,253,227,20,39,9,0,5,25,7,0,20,91,0.172,0.249,0.278,0.527,Aug 22 2023,24,TBR,pereiev01,2025,Bateador
172,Yohel Pozo,3,2021,2026,0,0.0,106,278,267,24,66,13,0,6,33,0,0,10,35,0.247,0.273,0.363,0.637,Aug 13 2021,28,STL,pozoyo01,2025,Bateador
173,Edgar Quero,2,2025,2026,0,0.3,166,575,515,43,126,18,0,7,51,1,1,44,112,0.245,0.309,0.32,0.629,Apr 17 2025,22,CHW,queroed01,2025,Bateador
174,Agustín Ramírez,2,2025,2026,0,-0.5,167,714,650,86,150,38,2,23,81,19,4,49,141,0.231,0.293,0.402,0.694,Apr 21 2025,23,MIA,ramirag01,2025,Bateador
175,Bryan Ramos,2,2024,2025,0,-0.1,36,120,111,14,22,6,0,3,13,0,2,7,26,0.198,0.244,0.333,0.577,May 4 2024,23,CHW,ramosbr01,2025,Bateador
176,John Rave,2,2025,2026,0,0.4,81,196,171,21,34,7,1,5,15,7,2,21,53,0.199,0.289,0.339,0.628,May 26 2025,27,KCR,ravejo01,2025,Bateador
180,Ryan Ritter,2,2025,2026,0,0.2,66,214,194,23,46,9,3,1,18,3,1,10,64,0.237,0.29,0.33,0.62,Jun 6 2025,24,COL,rittery01,2025,Bateador
186,Johnathan Rodríguez,3,2024,2026,0,-1.3,49,128,109,12,18,5,1,2,16,1,0,18,40,0.165,0.281,0.284,0.566,May 21 2024,25,CLE,rodrijo10,2025,Bateador
188,Drew Romo,3,2024,2026,0,-0.5,50,164,149,13,22,7,0,5,17,1,1,12,49,0.148,0.215,0.295,0.51,Aug 17 2024,23,COL,romodr01,2025,Bateador
189,Dalton Rushing,2,2025,2026,0,1.4,104,330,297,39,67,12,0,13,49,0,0,26,104,0.226,0.297,0.397,0.694,May 15 2025,24,LAD,rushida01,2025,Bateador
193,Thomas Saggese,3,2024,2026,0,-0.5,132,429,400,39,95,21,1,4,33,4,2,24,123,0.238,0.283,0.325,0.608,Sep 10 2024,23,STL,saggeth01,2025,Bateador
194,Javier Sanoja,3,2024,2026,0,2.5,201,584,541,62,137,38,5,9,72,11,6,31,66,0.253,0.294,0.392,0.685,Sep 7 2024,22,MIA,sanojja01,2025,Bateador
198,Anthony Seigler,2,2025,2026,0,0.7,47,117,102,13,26,6,0,1,8,3,0,12,25,0.255,0.336,0.343,0.679,Jul 2 2025,26,MIL,seiglan01,2025,Bateador
199,Hayden Senger,2,2025,2026,0,-0.3,40,95,87,10,15,1,0,1,6,0,0,3,26,0.172,0.207,0.218,0.425,Mar 27 2025,28,NYM,sengeha01,2025,Bateador
202,Matt Shaw,2,2025,2026,0,3.8,182,584,523,77,121,27,5,17,64,21,6,50,121,0.231,0.302,0.4,0.702,Mar 18 2025,23,CHC,shawma01,2025,Bateador
205,Chandler Simpson,2,2025,2026,0,0.9,188,757,705,86,200,22,7,0,42,63,22,38,75,0.284,0.319,0.335,0.653,Apr 19 2025,24,TBR,simpsch01,2025,Bateador
208,Cam Smith,2,2025,2026,0,3.2,220,817,729,90,168,33,4,20,83,17,2,71,219,0.23,0.306,0.369,0.675,Mar 27 2025,22,HOU,smithca07,2025,Bateador
214,Trey Sweeney,2,2024,2025,0,-0.1,154,445,406,47,82,11,2,10,49,5,1,33,124,0.202,0.261,0.313,0.573,Aug 16 2024,25,DET,sweentr01,2025,Bateador
215,Tim Tawa,2,2025,2026,0,-0.1,107,301,263,35,51,11,0,8,26,8,4,29,82,0.194,0.273,0.327,0.6,Apr 5 2025,26,ARI,tawati01,2025,Bateador
217,Kyle Teel,2,2025,2026,0,2.0,85,327,279,42,75,11,0,9,41,3,1,40,89,0.269,0.371,0.405,0.776,Jun 6 2025,23,CHW,teelky01,2025,Bateador
219,Bryce Teodosio,3,2024,2026,0,0.0,89,213,197,18,39,9,2,1,9,11,2,8,70,0.198,0.242,0.279,0.521,Sep 7 2024,26,LAA,teodobr01,2025,Bateador
220,Colby Thomas,2,2025,2026,0,-0.4,88,217,200,30,46,7,0,10,29,3,2,11,72,0.23,0.27,0.415,0.685,Jun 30 2025,24,ATH/OAK,thomaco03,2025,Bateador
222,Tyler Tolbert,2,2025,2026,0,0.2,90,95,82,29,21,2,0,1,7,28,4,5,21,0.256,0.312,0.317,0.629,Mar 31 2025,27,KCR,tolbety01,2025,Bateador
227,Jorbit Vivas,2,2025,2026,0,0.0,92,245,211,27,49,9,0,4,20,0,1,20,36,0.232,0.317,0.332,0.648,May 2 2025,24,NYY,vivasjo01,2025,Bateador
228,Eric Wagaman,3,2024,2026,0,-0.1,175,617,574,65,142,33,3,13,67,4,1,36,124,0.247,0.292,0.383,0.675,Sep 10 2024,27,MIA,wagamer01,2025,Bateador
234,Shay Whitcomb,3,2024,2026,0,-0.8,57,102,96,7,16,3,0,3,11,0,0,6,29,0.167,0.216,0.292,0.507,Aug 17 2024,26,HOU,whitcsh01,2025,Bateador
235,Ben Williamson,2,2025,2026,0,1.9,145,493,454,61,112,21,1,3,42,10,2,34,102,0.247,0.302,0.317,0.619,Apr 15 2025,24,SEA,willibe03,2025,Bateador
236,Jacob Wilson,3,2024,2026,1,2.7,203,840,780,96,230,38,2,17,92,7,2,45,74,0.295,0.339,0.414,0.753,Jul 19 2024,23,ATH/OAK,wilsoja05,2025,Bateador
237,Will Wilson,2,2025,2026,0,-0.5,36,97,83,8,16,4,0,1,4,2,0,8,35,0.193,0.272,0.277,0.549,Apr 23 2025,26,CLE,wilsowi03,2025,Bateador
238,Jack Winkler,1,2025,2025,0,-0.2,14,16,16,2,4,2,0,0,0,1,0,0,4,0.25,0.25,0.375,0.625,May 31 2025,26,MIA,winklja01,2025,Bateador
243,Cole Young,2,2025,2026,0,3.3,164,605,537,63,129,19,2,13,65,3,3,51,107,0.24,0.314,0.356,0.67,May 31 2025,21,SEA,youngco01,2025,Bateador
61,Hunter Feduccia,3,2024,2026,0,-0.2,83,222,191,17,38,9,1,1,17,1,0,25,65,0.199,0.291,0.272,0.563,Jul 31 2024,28,TBR,feduchu01,2025,Bateador
61,Hunter Feduccia,3,2024,2026,0,0.1,7,17,14,2,4,0,0,0,1,0,0,3,3,0.286,0.412,0.286,0.697,Jul 31 2024,28,LAD,feduchu01,2025,Bateador
125,Brandon Lockridge,3,2024,2026,0,-0.2,59,107,100,13,21,4,0,1,6,10,1,4,28,0.21,0.248,0.28,0.528,Sep 13 2024,28,SDP,lockrbr01,2025,Bateador
125,Brandon Lockridge,3,2024,2026,0,0.8,48,149,131,17,37,7,1,0,18,7,0,14,37,0.282,0.347,0.351,0.698,Sep 13 2024,28,MIL,lockrbr01,2025,Bateador
182,Will Robertson,1,2025,2025,0,-0.2,3,12,10,0,1,0,0,0,1,0,0,1,7,0.1,0.25,0.1,0.35,Jun 15 2025,27,TOR,roberwi02,2025,Bateador
182,Will Robertson,1,2025,2025,0,-0.8,24,63,60,2,8,1,0,0,8,0,0,1,20,0.133,0.159,0.15,0.309,Jun 15 2025,27,CHW,roberwi02,2025,Bateador
184,Alan Roden,1,2025,2025,0,-0.1,43,113,98,12,20,5,1,1,8,0,1,8,24,0.204,0.283,0.306,0.589,Mar 27 2025,25,TOR,rodenal01,2025,Bateador
184,Alan Roden,1,2025,2025,0,-0.4,12,40,38,5,6,1,0,1,1,1,0,0,13,0.158,0.2,0.263,0.463,Mar 27 2025,25,MIN,rodenal01,2025,Bateador
204,Ronny Simon,1,2025,2025,0,-0.7,19,56,47,6,11,2,0,0,5,0,0,7,7,0.234,0.327,0.277,0.604,Apr 21 2025,25,MIA,simonro01,2025,Bateador
204,Ronny Simon,1,2025,2025,0,-0.5,8,32,30,4,7,1,0,0,2,1,0,1,8,0.233,0.25,0.267,0.517,Apr 21 2025,25,PIT,simonro01,2025,Bateador
226,Ryan Vilade,4,2021,2026,0,0.8,48,144,126,14,35,6,1,6,28,3,0,13,29,0.278,0.343,0.484,0.827,Sep 18 2021,26,TBR,viladry01,2025,Bateador
226,Ryan Vilade,4,2021,2026,0,-0.7,17,49,45,5,8,0,0,1,5,0,0,2,12,0.178,0.208,0.244,0.453,Sep 18 2021,26,DET,viladry01,2025,Bateador
226,Ryan Vilade,4,2021,2026,0,-0.1,7,15,13,1,1,0,0,0,0,0,0,2,5,0.077,0.2,0.077,0.277,Sep 18 2021,26,STL,viladry01,2025,Bateador
226,Ryan Vilade,4,2021,2026,0,-0.1,3,7,6,0,0,0,0,0,0,0,0,1,1,0.0,0.143,0.0,0.143,Sep 18 2021,26,COL,viladry01,2025,Bateador
226,Ryan Vilade,4,2021,2026,0,0.0,1,0,0,0,0,0,0,0,0,0,0,0,0,0.0,0.0,0.0,0.0,Sep 18 2021,26,CIN,viladry01,2025,Bateador
229,Will Wagner,3,2024,2026,0,0.2,64,218,196,21,52,13,0,2,18,1,0,19,42,0.265,0.336,0.362,0.699,Aug 12 2024,26,TOR,wagnewi01,2025,Bateador
229,Will Wagner,3,2024,2026,0,-0.1,31,62,50,7,11,1,0,0,0,0,0,12,9,0.22,0.371,0.24,0.611,Aug 12 2024,26,SDP,wagnewi01,2025,Bateador
1,Wilyer Abreu,4,2023,2026,0,10.8,357,1302,1162,160,301,72,5,49,180,23,9,122,318,0.259,0.328,0.456,0.784,Aug 22 2023,25,BOS,abreuwi02,2024,Bateador
2,Jordyn Adams,3,2023,2025,0,-1.0,38,83,79,6,13,0,0,1,5,3,2,3,30,0.165,0.193,0.203,0.395,Aug 2 2023,24,LAA,adamsjo03,2024,Bateador
4,Blaze Alexander,3,2024,2026,0,2.8,208,662,585,73,151,31,2,13,74,15,10,51,182,0.258,0.333,0.385,0.718,Mar 28 2024,25,ARI,alexabl01,2024,Bateador
7,Brooks Baldwin,2,2024,2025,0,-0.6,136,449,414,41,96,21,1,13,46,9,0,27,117,0.232,0.279,0.382,0.661,Jul 19 2024,23,CHW,baldwbr01,2024,Bateador
8,Addison Barger,3,2024,2026,0,1.3,213,755,690,83,154,44,1,28,104,6,1,55,188,0.223,0.283,0.412,0.694,Apr 24 2024,24,TOR,bargead01,2024,Bateador
10,Jordan Beck,3,2024,2026,0,-0.3,233,860,791,83,186,38,6,20,76,28,10,60,261,0.235,0.292,0.374,0.666,Apr 30 2024,23,COL,beckjo01,2024,Bateador
13,Steward Berroa,3,2024,2026,0,0.4,36,58,49,7,8,1,0,0,2,7,2,9,20,0.163,0.293,0.184,0.477,Jun 23 2024,25,TOR,berrost01,2024,Bateador
19,Sean Bouchard,4,2022,2025,0,0.1,111,321,269,41,62,15,1,9,33,5,2,44,99,0.23,0.341,0.394,0.735,Jun 19 2022,28,COL,bouchse01,2024,Bateador
24,Michael Busch,4,2023,2026,0,8.8,419,1620,1401,194,344,70,9,67,208,9,1,187,414,0.246,0.341,0.452,0.793,Apr 25 2023,26,CHC,buschmi02,2024,Bateador
26,Trey Cabbage,2,2023,2024,0,-0.5,67,147,139,17,29,11,0,2,15,2,2,6,60,0.209,0.245,0.331,0.576,Jul 14 2023,27,HOU,cabbatr01,2024,Bateador
27,Junior Caminero,4,2023,2026,1,8.4,286,1225,1111,165,299,50,1,75,187,9,3,101,233,0.269,0.33,0.518,0.848,Sep 23 2023,20,TBR,caminju01,2024,Bateador
28,Alexander Canario,3,2023,2025,0,0.7,108,279,258,30,59,8,2,8,28,4,1,19,99,0.229,0.283,0.368,0.651,Sep 6 2023,24,CHC,canaral01,2024,Bateador
30,Evan Carter,4,2023,2026,0,5.6,200,696,602,97,130,25,7,21,73,29,2,75,166,0.216,0.314,0.385,0.699,Sep 8 2023,21,TEX,carteev01,2024,Bateador
33,Jackson Chourio,3,2024,2026,0,8.0,328,1391,1287,202,355,78,8,54,190,49,15,86,298,0.276,0.323,0.475,0.797,Mar 29 2024,20,MIL,chourja01,2024,Bateador
35,Colton Cowser,4,2023,2026,0,4.3,347,1211,1071,155,234,43,3,48,140,28,6,117,384,0.218,0.303,0.399,0.702,Jul 5 2023,24,BAL,cowseco01,2024,Bateador
39,Pete Crow-Armstrong,4,2023,2026,1,13.2,379,1450,1301,194,326,63,14,59,189,84,18,92,357,0.251,0.308,0.457,0.764,Sep 11 2023,22,CHC,crowape01,2024,Bateador
42,José Devers,2,2021,2024,0,-0.1,24,50,45,8,11,3,0,0,5,0,0,3,12,0.244,0.3,0.311,0.611,Apr 24 2021,24,MIA,deverjo01,2024,Bateador
44,Dillon Dingler,3,2024,2026,0,6.0,232,885,814,101,213,43,6,33,127,0,0,49,210,0.262,0.314,0.451,0.765,Jul 29 2024,25,DET,dingldi01,2024,Bateador
46,Oliver Dunn,3,2024,2026,0,-0.2,64,157,142,19,28,4,2,1,14,4,0,9,54,0.197,0.253,0.275,0.528,Mar 30 2024,26,MIL,dunnol01,2024,Bateador
53,Tyler Fitzgerald,3,2023,2025,0,3.8,178,618,563,75,142,31,3,21,53,28,8,41,188,0.252,0.309,0.43,0.739,Sep 21 2023,26,SFG,fitzgty01,2024,Bateador
54,Dominic Fletcher,3,2023,2025,0,0.6,112,377,348,29,81,18,1,4,33,1,2,20,82,0.233,0.28,0.325,0.604,Apr 30 2023,26,CHW,fletcdo01,2024,Bateador
58,Hunter Goodman,4,2023,2026,1,4.3,317,1216,1126,156,278,54,8,71,192,8,6,71,351,0.247,0.296,0.498,0.794,Aug 27 2023,24,COL,goodmhu01,2024,Bateador
59,David Hamilton,4,2023,2026,0,4.8,274,777,698,107,157,28,4,17,60,74,16,62,188,0.225,0.291,0.35,0.641,Jun 21 2023,26,BOS,hamilda03,2024,Bateador
62,Brett Harris,3,2024,2026,0,0.4,73,213,180,26,35,8,0,3,17,1,3,25,48,0.194,0.307,0.289,0.595,May 3 2024,26,ATH/OAK,harribr02,2024,Bateador
66,Darell Hernaiz,3,2024,2026,0,-1.3,146,466,411,37,91,11,1,4,35,7,5,41,74,0.221,0.291,0.282,0.573,Mar 28 2024,22,ATH/OAK,hernada04,2024,Bateador
70,Jackson Holliday,3,2024,2026,0,0.9,244,971,876,113,198,27,6,27,92,24,11,83,242,0.226,0.298,0.363,0.661,Apr 10 2024,20,BAL,hollija01,2024,Bateador
73,Spencer Horwitz,4,2023,2026,0,3.9,294,1131,977,142,265,58,1,34,131,1,1,130,195,0.271,0.363,0.437,0.8,Jun 18 2023,26,TOR,horwisp01,2024,Bateador
75,Joe Hudson,4,2018,2024,0,-0.3,19,33,30,0,5,1,0,0,1,0,0,2,6,0.167,0.219,0.2,0.419,Sep 8 2018,33,NYM,hudsojo03,2024,Bateador
80,Leo Jimenez,3,2024,2026,0,0.0,115,342,294,29,62,15,0,5,24,1,0,22,89,0.211,0.308,0.313,0.621,Jul 4 2024,23,TOR,jimenle01,2024,Bateador
84,Colt Keith,3,2024,2026,0,2.8,362,1270,1160,150,297,46,8,31,124,12,2,96,258,0.256,0.315,0.39,0.705,Mar 28 2024,22,DET,keithco01,2024,Bateador
87,Heston Kjerstad,3,2023,2025,0,-1.1,106,314,285,27,62,8,2,10,36,2,0,18,88,0.218,0.284,0.365,0.649,Sep 14 2023,25,BAL,kjershe01,2024,Bateador
93,Ryan Kreidler,5,2022,2026,0,0.1,132,323,289,41,55,4,2,7,31,7,7,26,86,0.19,0.26,0.291,0.551,Sep 2 2022,26,DET,kreidry01,2024,Bateador
94,Wyatt Langford,3,2024,2026,0,11.4,308,1303,1150,170,289,58,7,46,156,47,9,135,303,0.251,0.333,0.434,0.767,Mar 28 2024,22,TEX,langfwy01,2024,Bateador
98,Brooks Lee,3,2024,2026,0,0.0,272,1041,962,100,229,33,4,33,138,11,4,64,170,0.238,0.288,0.384,0.671,Jul 3 2024,23,MIN,leebr02,2024,Bateador
99,Jung Hoo Lee,3,2024,2026,0,3.1,264,1085,996,129,279,54,15,15,94,17,6,70,113,0.28,0.331,0.41,0.741,Mar 28 2024,25,SFG,leeju01,2024,Bateador
101,Trey Lipscomb,2,2024,2025,0,-0.1,64,215,194,21,40,3,0,1,10,11,2,16,41,0.206,0.272,0.237,0.509,Mar 30 2024,24,WSN,lipsctr01,2024,Bateador
104,Nick Loftin,4,2023,2026,0,0.3,191,594,520,63,116,30,4,8,68,5,1,54,85,0.223,0.303,0.342,0.645,Sep 1 2023,25,KCR,loftini01,2024,Bateador
106,Jack López,2,2021,2024,0,0.1,34,87,80,6,19,5,0,1,6,0,1,3,31,0.238,0.274,0.338,0.611,Sep 1 2021,31,LAA,lopezja03,2024,Bateador
107,Otto Lopez,5,2021,2026,0,10.4,353,1397,1290,168,360,66,5,28,156,51,14,86,209,0.279,0.326,0.403,0.729,Aug 17 2021,25,MIA,lopezot01,2024,Bateador
108,Marco Luciano,2,2023,2024,0,-0.3,41,126,115,14,25,8,1,0,3,1,1,11,45,0.217,0.286,0.304,0.59,Jul 26 2023,22,SFG,luciama01,2024,Bateador
109,Justyn-Henry Malloy,2,2024,2025,0,-0.6,123,357,306,33,64,13,1,9,38,1,1,43,117,0.209,0.311,0.346,0.657,Jun 3 2024,24,DET,malloju02,2024,Bateador
110,Kyle Manzardo,3,2024,2026,0,1.0,271,955,849,87,198,38,3,42,114,2,0,85,261,0.233,0.31,0.433,0.743,May 6 2024,23,CLE,manzaky01,2024,Bateador
111,Noelvi Marte,4,2023,2026,0,-0.1,223,829,778,96,192,37,2,25,90,29,9,41,212,0.247,0.29,0.396,0.685,Aug 19 2023,22,CIN,marteno01,2024,Bateador
112,Austin Martin,3,2024,2026,0,0.5,220,695,609,93,156,37,2,4,40,26,12,73,124,0.256,0.343,0.343,0.686,Mar 30 2024,25,MIN,martiau01,2024,Bateador
113,Angel Martínez,3,2024,2026,0,0.0,248,896,823,100,189,41,3,25,89,20,5,45,196,0.23,0.277,0.378,0.654,Jun 22 2024,22,CLE,martian02,2024,Bateador
117,Kyle McCann,1,2024,2024,0,0.2,54,157,140,13,33,4,0,5,15,0,0,16,59,0.236,0.318,0.371,0.69,Mar 30 2024,26,ATH/OAK,mccanky01,2024,Bateador
118,Grant McCray,2,2024,2025,0,-0.5,59,156,146,16,27,3,3,5,12,5,0,8,67,0.185,0.226,0.349,0.575,Aug 14 2024,23,SFG,mccragr01,2024,Bateador
120,Curtis Mead,4,2023,2026,0,0.9,223,744,669,84,156,27,2,19,70,11,3,56,163,0.233,0.307,0.365,0.672,Aug 4 2023,23,TBR,meadcu01,2024,Bateador
121,Parker Meadows,4,2023,2026,0,3.5,189,695,622,83,145,23,11,16,59,24,5,65,179,0.233,0.308,0.383,0.691,Aug 21 2023,24,DET,meadopa01,2024,Bateador
122,Jackson Merrill,3,2024,2026,1,7.9,352,1419,1309,171,345,71,13,48,188,35,6,86,294,0.264,0.31,0.448,0.757,Mar 20 2024,21,SDP,merrija01,2024,Bateador
123,Matt Mervis,3,2023,2025,0,-1.6,78,261,236,24,39,7,0,10,28,0,0,20,90,0.165,0.238,0.322,0.56,May 5 2023,26,CHC,mervima01,2024,Bateador
125,Drew Millas,4,2023,2026,0,0.4,94,285,252,30,59,12,1,4,24,6,0,23,59,0.234,0.306,0.337,0.643,Aug 28 2023,26,WSN,milladr01,2024,Bateador
131,Dane Myers,4,2023,2026,0,0.5,235,648,586,73,145,25,1,13,73,28,7,50,167,0.247,0.312,0.36,0.672,Jul 4 2023,28,MIA,myersda01,2024,Bateador
134,Jhonkensy Noel,2,2024,2025,0,-0.4,136,351,327,44,63,9,1,19,41,0,0,17,115,0.193,0.242,0.401,0.643,Jun 26 2024,22,CLE,noeljh01,2024,Bateador
137,Nasim Nuñez,3,2024,2026,0,2.8,171,449,384,60,90,7,3,4,41,49,6,50,100,0.234,0.323,0.299,0.622,Mar 30 2024,23,WSN,nunezna01,2024,Bateador
138,Jonathan Ornelas,3,2023,2025,0,0.1,32,58,53,4,11,2,0,0,3,0,0,3,20,0.208,0.263,0.245,0.508,Aug 7 2023,24,TEX,orneljo01,2024,Bateador
139,Joey Ortiz,4,2023,2026,0,3.2,376,1250,1116,144,256,49,7,20,128,30,12,103,223,0.229,0.297,0.34,0.637,Apr 27 2023,25,MIL,ortizjo06,2024,Bateador
141,Andy Pages,3,2024,2026,0,9.2,357,1435,1316,191,348,69,3,56,192,23,15,84,315,0.264,0.315,0.449,0.764,Apr 16 2024,23,LAD,pagesan01,2024,Bateador
142,Pedro Pagés,3,2024,2026,0,2.0,225,753,695,69,160,24,2,22,83,4,0,38,200,0.23,0.272,0.365,0.638,Apr 7 2024,25,STL,pagespe02,2024,Bateador
143,Kyren Paris,3,2023,2025,0,0.5,80,245,217,28,34,6,1,7,17,11,1,21,93,0.157,0.244,0.29,0.534,Sep 1 2023,22,LAA,parisky01,2024,Bateador
147,Jhonny Pereda,3,2024,2026,0,0.3,67,186,171,14,43,6,0,2,12,0,0,12,42,0.251,0.308,0.322,0.63,Apr 17 2024,28,MIA,peredjh01,2024,Bateador
148,Wenceel Pérez,3,2024,2026,0,0.7,265,983,894,120,207,37,11,29,97,20,9,77,208,0.232,0.294,0.395,0.688,Apr 8 2024,24,DET,perezwe01,2024,Bateador
153,Ceddanne Rafaela,4,2023,2026,0,11.6,416,1566,1470,200,373,81,12,40,178,52,22,62,359,0.254,0.293,0.407,0.7,Aug 28 2023,23,BOS,rafaece01,2024,Bateador
155,Ben Rice,3,2024,2026,0,3.6,268,1050,917,151,225,49,6,56,142,5,3,110,230,0.245,0.331,0.495,0.826,Jun 18 2024,25,NYY,ricebe01,2024,Bateador
156,Leo Rivas,3,2024,2026,0,0.9,129,317,262,38,52,5,2,2,24,11,0,45,84,0.198,0.326,0.256,0.582,Apr 28 2024,26,SEA,rivasle01,2024,Bateador
158,Chuckie Robinson,4,2022,2026,0,-1.4,59,160,149,7,19,2,0,2,6,0,0,5,41,0.128,0.161,0.181,0.342,Aug 24 2022,29,CHW,robinch04,2024,Bateador
159,Brayan Rocchio,4,2023,2026,0,4.2,364,1226,1086,126,254,55,4,18,122,32,14,95,236,0.234,0.305,0.342,0.647,May 16 2023,23,CLE,rocchbr01,2024,Bateador
164,Eguy Rosario,3,2022,2024,0,0.8,48,100,94,11,23,7,1,5,12,0,0,4,34,0.245,0.283,0.5,0.783,Aug 26 2022,24,SDP,rosareg01,2024,Bateador
169,Ali Sánchez,5,2020,2026,0,-0.7,63,159,144,9,28,8,0,0,7,2,1,6,41,0.194,0.235,0.25,0.485,Aug 10 2020,27,MIA,sanchal04,2024,Bateador
172,Nolan Schanuel,4,2023,2026,0,4.0,377,1589,1372,174,356,59,1,32,144,15,3,170,235,0.259,0.35,0.374,0.723,Aug 18 2023,22,LAA,schanno01,2024,Bateador
173,Daniel Schneemann,3,2024,2026,0,4.0,274,879,787,90,167,38,3,23,90,17,7,84,256,0.212,0.289,0.356,0.645,Jun 2 2024,27,CLE,schneda04,2024,Bateador
174,Max Schuemann,3,2024,2026,0,0.9,259,720,616,87,130,22,2,10,51,23,4,78,166,0.211,0.31,0.302,0.612,Apr 12 2024,27,ATH/OAK,schuema01,2024,Bateador
175,Aaron Schunk,2,2024,2025,0,-0.1,55,131,126,15,28,4,0,2,7,0,1,4,41,0.222,0.246,0.302,0.548,Jun 29 2024,26,COL,schunaa01,2024,Bateador
178,Victor Scott II,3,2024,2026,0,1.1,252,802,698,87,142,28,1,9,56,48,9,64,197,0.203,0.281,0.285,0.566,Mar 28 2024,23,STL,scottvi01,2024,Bateador
179,Austin Shenton,1,2024,2024,0,0.1,19,50,42,3,9,5,0,1,3,0,0,8,14,0.214,0.34,0.405,0.745,Mar 31 2024,26,TBR,shentau01,2024,Bateador
180,Michael Siani,5,2022,2026,0,0.1,161,384,345,48,76,7,2,2,20,21,5,24,107,0.22,0.276,0.27,0.546,Sep 22 2022,24,STL,sianimi01,2024,Bateador
185,Nick Sogard,3,2024,2026,0,0.8,73,231,208,29,55,14,1,0,19,5,1,17,55,0.264,0.326,0.341,0.667,Aug 2 2024,26,BOS,sogarni01,2024,Bateador
189,Cal Stevenson,4,2022,2025,0,-0.5,52,118,101,8,18,6,0,0,8,1,1,14,31,0.178,0.276,0.238,0.513,Aug 10 2022,27,PHI,steveca01,2024,Bateador
198,Luis Vázquez,2,2024,2025,0,-0.7,43,67,62,8,9,1,0,1,4,2,0,3,20,0.145,0.194,0.21,0.404,May 22 2024,24,CHC,vazqulu01,2024,Bateador
201,Austin Wells,4,2023,2026,0,2.4,316,1129,993,117,211,48,2,42,149,7,3,103,271,0.212,0.288,0.392,0.679,Sep 1 2023,24,NYY,wellsau01,2024,Bateador
202,Davis Wendzel,2,2024,2026,0,-0.2,29,53,51,2,6,2,0,1,2,0,0,1,12,0.118,0.151,0.216,0.367,Apr 9 2024,27,TEX,wendzda01,2024,Bateador
204,Weston Wilson,4,2023,2026,0,0.2,123,302,265,40,63,12,1,10,34,12,5,32,82,0.238,0.326,0.404,0.729,Aug 9 2023,29,PHI,wilsowe01,2024,Bateador
206,Masyn Winn,4,2023,2026,0,8.0,390,1622,1474,200,369,72,7,29,152,29,13,111,296,0.25,0.307,0.368,0.674,Aug 18 2023,22,STL,winnma01,2024,Bateador
207,James Wood,3,2024,2026,1,7.7,323,1430,1228,203,319,72,4,61,187,42,17,188,442,0.26,0.361,0.474,0.835,Jul 1 2024,21,WSN,woodja03,2024,Bateador
211,Jacob Young,4,2023,2026,0,5.1,385,1278,1154,150,278,50,5,13,109,69,23,79,242,0.241,0.3,0.327,0.627,Aug 26 2023,24,WSN,youngja03,2024,Bateador
5,Jacob Amaya,3,2023,2025,0,-1.1,59,144,133,11,19,2,0,0,11,3,0,7,44,0.143,0.182,0.158,0.34,Jun 18 2023,25,CHW,amayaja01,2024,Bateador
5,Jacob Amaya,3,2023,2025,0,0.0,4,9,9,1,2,0,0,0,2,1,0,0,1,0.222,0.222,0.222,0.444,Jun 18 2023,25,MIA,amayaja01,2024,Bateador
5,Jacob Amaya,3,2023,2025,0,0.0,1,1,1,0,0,0,0,0,0,0,0,0,0,0.0,0.0,0.0,0.0,Jun 18 2023,25,HOU,amayaja01,2024,Bateador
34,Jonatan Clase,2,2024,2025,0,0.0,41,135,120,13,28,4,0,3,11,3,2,11,31,0.233,0.313,0.342,0.655,Apr 15 2024,22,TOR,clasejo01,2024,Bateador
34,Jonatan Clase,2,2024,2025,0,-0.2,19,43,41,4,8,1,0,0,3,3,0,2,14,0.195,0.233,0.22,0.452,Apr 15 2024,22,SEA,clasejo01,2024,Bateador
105,Joey Loperfido,3,2024,2026,0,0.7,84,248,233,25,59,12,3,6,23,3,3,10,79,0.253,0.296,0.408,0.703,Apr 30 2024,25,TOR,loperjo01,2024,Bateador
105,Joey Loperfido,3,2024,2026,0,0.5,77,238,208,24,47,12,2,3,28,3,2,21,74,0.226,0.306,0.346,0.653,Apr 30 2024,25,HOU,loperjo01,2024,Bateador
135,Connor Norby,3,2024,2026,0,0.9,189,732,657,88,155,37,1,19,67,17,8,57,212,0.236,0.307,0.382,0.689,Jun 3 2024,24,MIA,norbyco01,2024,Bateador
135,Connor Norby,3,2024,2026,0,0.1,9,32,32,3,6,1,0,2,3,0,0,0,12,0.188,0.188,0.406,0.594,Jun 3 2024,24,BAL,norbyco01,2024,Bateador
186,Livan Soto,3,2022,2024,0,0.8,22,71,64,11,24,5,1,1,9,1,1,5,15,0.375,0.414,0.531,0.946,Sep 17 2022,24,LAA,sotoli01,2024,Bateador
186,Livan Soto,3,2022,2024,0,0.2,12,13,10,1,3,1,0,0,0,0,0,3,2,0.3,0.462,0.4,0.862,Sep 17 2022,24,BAL,sotoli01,2024,Bateador
186,Livan Soto,3,2022,2024,0,-0.1,1,3,3,0,0,0,0,0,0,0,0,0,1,0.0,0.0,0.0,0.0,Sep 17 2022,24,CIN,sotoli01,2024,Bateador
194,José Tena,4,2023,2026,0,0.1,155,497,460,54,114,27,4,6,47,11,2,34,130,0.248,0.302,0.363,0.665,Aug 5 2023,23,WSN,tenajo01,2024,Bateador
194,José Tena,4,2023,2026,0,-0.4,21,38,35,2,7,2,0,0,3,0,0,3,15,0.2,0.263,0.257,0.52,Aug 5 2023,23,CLE,tenajo01,2024,Bateador
3,Jake Alu,1,2023,2023,0,-0.1,51,175,159,14,36,2,1,2,16,5,1,10,42,0.226,0.282,0.289,0.571,May 9 2023,26,WSN,aluja01,2023,Bateador
4,Francisco Alvarez,5,2022,2026,0,3.9,360,1256,1128,144,263,46,3,57,162,3,1,108,325,0.233,0.307,0.431,0.738,Sep 30 2022,21,NYM,alvarfr01,2023,Bateador
5,Miguel Amaya,4,2023,2026,0,4.3,245,761,669,81,156,32,2,20,100,0,0,55,155,0.233,0.311,0.377,0.688,May 4 2023,24,CHC,amayami01,2023,Bateador
7,Gabriel Arias,5,2022,2026,0,0.8,341,1100,1010,108,217,52,4,28,106,18,10,72,372,0.215,0.272,0.357,0.63,Apr 20 2022,23,CLE,ariasga01,2023,Bateador
11,Jihwan Bae,4,2022,2025,0,-0.7,163,514,461,74,103,22,2,2,44,37,12,43,131,0.223,0.294,0.293,0.586,Sep 23 2022,23,PIT,baeji01,2023,Bateador
12,Patrick Bailey,4,2023,2026,0,3.6,411,1425,1294,135,288,55,6,23,161,8,0,102,377,0.223,0.279,0.328,0.607,May 19 2023,24,SFG,bailepa01,2023,Bateador
13,Luken Baker,4,2023,2026,0,-0.7,76,194,165,15,34,7,1,4,22,1,0,27,55,0.206,0.314,0.333,0.648,Jun 4 2023,26,STL,bakerlu01,2023,Bateador
15,Osleivis Basabe,1,2023,2023,0,0.4,31,94,87,15,19,5,0,1,12,0,1,6,25,0.218,0.277,0.31,0.587,Aug 13 2023,22,TBR,basabos01,2023,Bateador
16,Brett Baty,5,2022,2026,0,2.2,381,1317,1185,140,269,38,3,36,132,13,1,108,344,0.227,0.295,0.355,0.65,Aug 17 2022,23,NYM,batybr01,2023,Bateador
22,Dairon Blanco,4,2022,2025,0,1.4,171,285,257,59,66,12,4,7,34,59,14,18,71,0.257,0.312,0.416,0.728,May 20 2022,30,KCR,blancda02,2023,Bateador
24,Travis Blankenhorn,5,2020,2024,0,-1.0,49,100,91,8,14,4,0,2,10,0,0,8,24,0.154,0.23,0.264,0.494,Sep 15 2020,26,WSN,blanktr01,2023,Bateador
28,Will Brennan,5,2022,2026,0,0.1,280,889,838,84,220,38,3,14,79,19,9,38,113,0.263,0.301,0.365,0.667,Sep 21 2022,25,CLE,brennwi02,2023,Bateador
31,Alec Burleson,5,2022,2026,0,4.2,495,1890,1719,205,464,87,4,61,243,20,6,132,260,0.27,0.324,0.432,0.756,Sep 8 2022,24,STL,burleal01,2023,Bateador
32,Lawrence Butler,4,2023,2026,0,2.9,397,1446,1314,185,309,65,4,52,151,46,10,124,386,0.235,0.301,0.409,0.71,Aug 11 2023,22,ATH/OAK,butlela01,2023,Bateador
33,José Caballero,4,2023,2026,0,8.0,442,1397,1227,174,284,61,3,26,134,138,37,118,355,0.231,0.314,0.35,0.663,Apr 15 2023,26,SEA,cabaljo01,2023,Bateador
36,Dominic Canzone,4,2023,2026,0,3.4,269,821,743,99,188,42,1,37,96,6,2,65,182,0.253,0.316,0.462,0.777,Jul 8 2023,25,SEA,canzodo01,2023,Bateador
37,Conner Capel,3,2022,2024,0,0.4,59,153,133,14,37,5,1,3,14,7,4,17,37,0.278,0.359,0.398,0.758,Jun 27 2022,26,ATH/OAK,capelco01,2023,Bateador
38,Vinny Capra,4,2022,2025,0,-0.7,67,142,128,16,17,4,0,1,7,2,0,7,34,0.133,0.181,0.188,0.369,May 1 2022,26,PIT,capravi01,2023,Bateador
40,Corbin Carroll,5,2022,2026,2,19.1,570,2436,2127,405,553,110,53,95,291,132,22,244,515,0.26,0.344,0.496,0.839,Aug 29 2022,22,ARI,carroco02,2023,Bateador
41,Triston Casas,4,2022,2025,0,2.2,251,952,816,110,197,33,2,45,120,1,1,130,253,0.241,0.348,0.452,0.8,Sep 4 2022,23,BOS,casastr01,2023,Bateador
42,Oscar Colás,2,2023,2024,0,-1.4,88,301,278,33,62,9,0,5,23,4,4,16,81,0.223,0.271,0.309,0.58,Mar 30 2023,24,CHW,colasos01,2023,Bateador
48,Henry Davis,4,2023,2026,0,-1.3,240,823,724,78,126,26,0,21,70,7,7,70,224,0.174,0.258,0.297,0.555,Jun 19 2023,23,PIT,davishe01,2023,Bateador
49,Elly De La Cruz,4,2023,2026,2,11.8,485,2111,1894,318,487,96,26,73,246,149,37,197,626,0.257,0.33,0.451,0.781,Jun 6 2023,21,CIN,delacel01,2023,Bateador
50,Jonny DeLuca,4,2023,2026,0,2.1,200,620,575,60,140,27,7,12,64,30,8,37,128,0.243,0.294,0.377,0.671,Jun 7 2023,24,LAD,delucjo01,2023,Bateador
51,Jordan Diaz,2,2022,2023,0,-1.1,105,344,321,23,73,12,0,10,28,0,1,19,76,0.227,0.276,0.358,0.634,Sep 18 2022,22,ATH/OAK,diazjo03,2023,Bateador
52,Yainer Diaz,5,2022,2026,0,8.8,437,1718,1628,189,449,84,4,62,232,3,2,61,301,0.276,0.303,0.447,0.749,Sep 2 2022,24,HOU,diazya02,2023,Bateador
53,Jeter Downs,2,2022,2023,0,-0.6,20,50,44,8,8,1,0,1,5,2,0,5,22,0.182,0.26,0.273,0.533,Jun 22 2022,24,WSN,downsje01,2023,Bateador
54,Brenton Doyle,4,2023,2026,0,4.5,456,1694,1554,208,362,67,11,49,181,79,14,109,482,0.233,0.284,0.385,0.668,Apr 24 2023,25,COL,doylebr02,2023,Bateador
57,Xavier Edwards,4,2023,2026,0,8.5,325,1368,1220,174,365,48,15,10,102,76,14,127,198,0.299,0.364,0.388,0.752,May 2 2023,23,MIA,edwarxa01,2023,Bateador
58,Christian Encarnacion-Strand,3,2023,2025,0,-1.2,128,501,468,55,109,17,0,21,72,2,2,21,136,0.233,0.275,0.404,0.679,Jul 17 2023,23,CIN,encarch01,2023,Bateador
62,Freddy Fermin,5,2022,2026,0,6.9,349,1116,1017,114,253,43,1,23,105,3,4,72,216,0.249,0.301,0.361,0.662,Jul 15 2022,28,KCR,fermifr01,2023,Bateador
63,José Fermín,4,2023,2026,0,0.3,144,343,303,27,72,13,1,4,32,7,4,31,47,0.238,0.316,0.327,0.642,Jul 7 2023,24,STL,fermijo01,2023,Bateador
65,Estevan Florial,5,2020,2024,0,0.0,84,245,213,23,41,11,3,4,22,8,1,26,82,0.192,0.291,0.329,0.62,Aug 28 2020,25,NYY,flories01,2023,Bateador
68,Sal Frelick,4,2023,2026,0,6.2,422,1619,1436,201,383,64,8,20,150,50,11,139,220,0.267,0.334,0.364,0.699,Jul 22 2023,23,MIL,frelisa01,2023,Bateador
69,David Fry,4,2023,2026,1,0.9,300,796,696,86,161,32,1,30,98,7,1,79,212,0.231,0.321,0.409,0.731,May 1 2023,27,CLE,fryda01,2023,Bateador
74,Maikel Garcia,5,2022,2026,1,9.9,518,2124,1924,257,506,104,16,30,214,88,21,167,352,0.263,0.319,0.38,0.7,Jul 15 2022,23,KCR,garcima01,2023,Bateador
75,Zack Gelof,4,2023,2026,0,5.9,299,1176,1068,152,252,53,4,44,117,48,8,85,371,0.236,0.297,0.417,0.713,Jul 14 2023,23,ATH/OAK,gelofza01,2023,Bateador
77,Nick Gonzales,4,2023,2026,0,1.2,305,1246,1151,137,307,56,8,17,127,9,8,65,244,0.267,0.313,0.374,0.686,Jun 23 2023,24,PIT,gonzani01,2023,Bateador
79,Dalton Guthrie,2,2022,2023,0,0.5,37,56,45,7,11,1,0,1,5,1,0,9,14,0.244,0.393,0.333,0.726,Sep 6 2022,27,PHI,guthrda01,2023,Bateador
85,Gunnar Henderson,5,2022,2026,1,22.5,583,2518,2240,363,589,117,24,102,299,68,17,243,580,0.263,0.339,0.473,0.812,Aug 31 2022,22,BAL,hendegu01,2023,Bateador
88,Iván Herrera,5,2022,2026,0,6.3,285,1147,970,150,267,40,2,34,133,18,2,123,214,0.275,0.377,0.426,0.803,May 24 2022,23,STL,herreiv01,2023,Bateador
99,Bryce Johnson,5,2022,2026,0,-0.4,175,273,245,31,56,9,0,2,19,13,3,18,71,0.229,0.286,0.29,0.576,Aug 3 2022,27,SFG,johnsbr03,2023,Bateador
100,Jahmai Jones,6,2020,2026,0,-0.6,197,390,348,45,75,18,2,10,41,5,3,35,115,0.216,0.298,0.365,0.663,Aug 31 2020,25,MIL,jonesja08,2023,Bateador
101,Nolan Jones,4,2022,2025,0,2.6,349,1218,1064,132,263,54,7,30,137,33,11,136,361,0.247,0.336,0.396,0.731,Jul 8 2022,25,COL,jonesno01,2023,Bateador
102,Edouard Julien,4,2023,2026,0,1.3,338,1141,978,136,226,42,2,29,88,13,6,150,350,0.231,0.336,0.367,0.703,Apr 12 2023,24,MIN,julieed01,2023,Bateador
103,Corey Julks,3,2023,2025,0,-0.8,165,525,483,54,113,23,0,9,48,20,5,37,128,0.234,0.288,0.337,0.625,Mar 31 2023,27,HOU,julksco01,2023,Bateador
104,Josh Jung,5,2022,2026,1,6.4,405,1661,1549,196,408,77,4,58,193,12,5,94,428,0.263,0.31,0.431,0.741,Sep 9 2022,25,TEX,jungjo01,2023,Bateador
109,Buddy Kennedy,5,2022,2026,0,-0.5,74,189,164,16,28,5,2,2,20,1,0,19,47,0.171,0.265,0.262,0.527,Jun 17 2022,24,ARI,kennebu01,2023,Bateador
110,Grae Kessinger,2,2023,2024,0,-0.3,48,70,61,7,8,2,0,1,1,0,1,8,19,0.131,0.243,0.213,0.456,Jun 7 2023,25,HOU,kessigr01,2023,Bateador
112,Korey Lee,4,2022,2025,0,-0.8,186,530,502,51,97,20,1,14,47,6,3,27,158,0.193,0.234,0.321,0.555,Jul 1 2022,24,CHW,leeko01,2023,Bateador
113,Royce Lewis,5,2022,2026,0,4.5,311,1221,1115,140,277,53,0,54,179,23,3,93,272,0.248,0.306,0.441,0.748,May 6 2022,24,MIN,lewisro02,2023,Bateador
115,Nathan Lukes,4,2023,2026,0,4.1,238,738,652,90,175,32,5,17,94,3,5,61,106,0.268,0.333,0.411,0.744,Mar 30 2023,28,TOR,lukesna01,2023,Bateador
116,Cade Marlowe,2,2023,2024,0,1.1,42,109,96,15,23,3,2,3,11,4,2,13,34,0.24,0.33,0.406,0.737,Jul 20 2023,26,SEA,marloca01,2023,Bateador
118,Miles Mastrobuoni,5,2022,2026,0,0.5,202,474,422,57,97,12,0,2,22,22,4,40,94,0.23,0.295,0.273,0.567,Sep 22 2022,27,CHC,mastrmi01,2023,Bateador
119,Luis Matos,4,2023,2026,0,-0.9,187,614,570,65,131,27,2,15,61,7,0,37,91,0.23,0.279,0.363,0.643,Jun 14 2023,21,SFG,matoslu02,2023,Bateador
122,Matt McLain,3,2023,2026,0,3.9,314,1277,1132,169,269,54,4,39,125,43,9,121,359,0.238,0.318,0.396,0.714,May 15 2023,23,CIN,mclaima01,2023,Bateador
127,Garrett Mitchell,5,2022,2026,0,4.8,214,702,613,95,155,35,7,19,78,29,10,77,239,0.253,0.339,0.426,0.764,Aug 27 2022,24,MIL,mitchga01,2023,Bateador
129,Andruw Monasterio,4,2023,2026,0,1.4,269,729,662,86,161,38,1,11,71,16,8,59,171,0.243,0.31,0.353,0.663,May 28 2023,26,MIL,monasan01,2023,Bateador
135,Bo Naylor,5,2022,2026,0,2.8,346,1131,1003,122,200,47,3,40,125,12,5,110,300,0.199,0.279,0.372,0.651,Oct 1 2022,23,CLE,naylobo01,2023,Bateador
137,Zach Neto,4,2023,2026,0,14.0,451,1864,1664,249,404,97,4,76,215,72,27,132,488,0.243,0.317,0.443,0.76,Apr 15 2023,22,LAA,netoza01,2023,Bateador
139,Ryan Noda,3,2023,2025,0,1.4,187,665,548,74,111,26,1,18,60,4,1,102,232,0.203,0.338,0.352,0.69,Mar 30 2023,27,ATH/OAK,nodary01,2023,Bateador
140,Logan O'Hoppe,5,2022,2026,0,3.3,371,1393,1284,143,297,39,2,57,153,4,5,87,396,0.231,0.287,0.398,0.685,Sep 28 2022,23,LAA,ohopplo01,2023,Bateador
144,James Outman,5,2022,2026,0,2.3,331,996,864,138,181,31,5,37,106,24,6,108,352,0.209,0.31,0.385,0.696,Jul 31 2022,26,LAD,outmaja01,2023,Bateador
148,Oswald Peraza,5,2022,2026,0,1.4,256,779,715,73,151,28,2,16,59,24,5,46,212,0.211,0.273,0.323,0.596,Sep 2 2022,23,NYY,perazos02,2023,Bateador
149,Carlos Pérez,5,2015,2023,0,1.2,278,859,786,64,171,35,0,17,78,4,0,47,165,0.218,0.265,0.327,0.592,May 5 2015,32,ATH/OAK,perezca02,2023,Bateador
150,Carlos Pérez,2,2022,2023,0,-0.2,34,71,67,5,14,6,0,1,5,0,0,4,13,0.209,0.254,0.343,0.597,Aug 26 2022,26,CHW,perezca03,2023,Bateador
153,Blake Perkins,4,2023,2026,0,3.6,293,873,769,120,172,32,4,14,93,38,10,90,223,0.224,0.307,0.33,0.637,Apr 19 2023,26,MIL,perkibl01,2023,Bateador
155,Israel Pineda,1,2022,2022,0,-0.2,4,14,13,1,1,0,0,0,0,0,0,1,7,0.077,0.143,0.077,0.22,Sep 11 2022,23,WSN,pinedis01,2023,Bateador
156,Heliot Ramos,5,2022,2026,1,2.9,359,1482,1346,169,345,63,5,49,164,12,5,106,367,0.256,0.317,0.42,0.737,Apr 10 2022,23,SFG,ramoshe02,2023,Bateador
157,Henry Ramos,2,2021,2023,0,-0.4,41,141,124,14,28,5,1,1,13,2,1,15,33,0.226,0.312,0.306,0.619,Sep 5 2021,31,CIN,ramoshe01,2023,Bateador
159,Zach Remillard,2,2023,2024,0,0.3,69,199,180,19,45,8,1,1,19,5,3,13,58,0.25,0.304,0.322,0.626,Jun 17 2023,29,CHW,remilza01,2023,Bateador
161,Endy Rodríguez,3,2023,2026,0,0.3,107,370,327,46,74,17,2,7,30,2,1,41,89,0.226,0.312,0.355,0.666,Jul 17 2023,23,PIT,rodrien01,2023,Bateador
163,Johan Rojas,3,2023,2025,0,3.4,250,699,639,94,161,24,7,6,73,51,7,31,151,0.252,0.294,0.34,0.633,Jul 15 2023,22,PHI,rojasjo03,2023,Bateador
165,Esteury Ruiz,5,2022,2026,0,-0.6,247,718,642,83,156,34,4,12,68,93,22,36,160,0.243,0.304,0.364,0.668,Jul 12 2022,24,ATH/OAK,ruizes01,2023,Bateador
166,Blake Sabol,3,2023,2025,0,0.2,129,400,358,41,85,13,0,13,46,4,2,30,133,0.237,0.307,0.383,0.689,Mar 30 2023,25,SFG,sabolbl01,2023,Bateador
167,César Salazar,4,2023,2026,0,-0.3,45,89,74,6,14,2,0,0,10,0,0,8,17,0.189,0.295,0.216,0.512,Apr 2 2023,27,HOU,salazce01,2023,Bateador
170,Casey Schmitt,4,2023,2026,0,1.6,302,1059,976,110,239,49,2,39,129,9,2,51,234,0.245,0.291,0.419,0.71,May 9 2023,24,SFG,schmica01,2023,Bateador
171,Davis Schneider,4,2023,2026,0,2.7,301,940,799,120,167,41,2,35,109,11,1,122,286,0.209,0.319,0.397,0.716,Aug 4 2023,24,TOR,schneda03,2023,Bateador
179,Tyler Soderstrom,4,2023,2026,0,5.4,344,1310,1164,143,289,65,3,50,167,9,4,129,296,0.248,0.328,0.438,0.766,Jul 14 2023,21,ATH/OAK,soderty01,2023,Bateador
182,Lenyn Sosa,5,2022,2026,0,-1.9,343,1239,1181,111,285,47,1,38,134,5,3,37,281,0.241,0.268,0.379,0.647,Jun 23 2022,23,CHW,sosale01,2023,Bateador
184,Spencer Steer,5,2022,2026,0,5.1,568,2313,2041,274,495,109,9,79,295,50,8,231,505,0.243,0.327,0.421,0.748,Sep 2 2022,25,CIN,steersp01,2023,Bateador
185,Brett Sullivan,4,2023,2026,0,-0.4,85,230,212,17,44,9,0,6,23,0,0,11,49,0.208,0.249,0.335,0.584,Apr 18 2023,29,SDP,sullibr01,2023,Bateador
186,Samad Taylor,4,2023,2026,0,0.4,59,172,149,26,40,3,1,1,15,14,1,18,50,0.268,0.345,0.322,0.667,Jun 17 2023,24,KCR,taylosa04,2023,Bateador
187,Cody Thomas,2,2022,2023,0,-0.4,29,78,72,2,18,3,0,1,2,0,0,6,29,0.25,0.308,0.333,0.641,Sep 1 2022,28,ATH/OAK,thomaco01,2023,Bateador
188,Michael Toglia,4,2022,2025,0,-1.1,280,1067,957,112,192,42,6,42,108,15,3,101,373,0.201,0.278,0.389,0.666,Aug 30 2022,24,COL,toglimi01,2023,Bateador
190,Ezequiel Tovar,5,2022,2026,0,6.0,494,2037,1909,234,479,117,12,57,213,27,13,87,557,0.251,0.285,0.414,0.7,Sep 23 2022,21,COL,tovarez01,2023,Bateador
191,Jared Triolo,4,2023,2026,0,6.2,339,1207,1064,129,251,44,3,20,102,32,5,119,301,0.236,0.318,0.339,0.657,Jun 28 2023,25,PIT,triolja01,2023,Bateador
192,Brice Turang,4,2023,2026,0,15.0,527,2085,1852,274,477,77,12,43,220,113,20,203,444,0.258,0.331,0.382,0.712,Mar 30 2023,23,MIL,turanbr02,2023,Bateador
194,Enmanuel Valdez,3,2023,2025,0,-0.4,156,474,431,47,99,24,2,14,59,6,2,36,106,0.23,0.288,0.392,0.68,Apr 19 2023,24,BOS,valdeen01,2023,Bateador
195,Miguel Vargas,5,2022,2026,0,3.9,392,1521,1316,198,282,70,7,48,168,24,5,171,291,0.214,0.31,0.388,0.698,Aug 3 2022,23,LAD,vargami01,2023,Bateador
198,Mark Vientos,5,2022,2026,0,0.4,383,1436,1321,148,309,58,3,64,190,2,0,89,392,0.234,0.286,0.428,0.714,Sep 11 2022,23,NYM,vientma01,2023,Bateador
199,Anthony Volpe,4,2023,2026,0,9.2,509,2022,1835,235,411,88,16,53,205,77,23,155,503,0.224,0.287,0.376,0.663,Mar 30 2023,22,NYY,volpean01,2023,Bateador
202,Jordan Walker,4,2023,2026,0,0.3,359,1381,1260,154,317,58,4,45,170,28,11,101,368,0.252,0.312,0.411,0.723,Mar 30 2023,21,STL,walkejo02,2023,Bateador
204,Forrest Wall,2,2023,2024,0,0.4,31,50,45,10,14,2,0,1,3,9,4,5,12,0.311,0.38,0.422,0.802,Jul 22 2023,27,ATL,wallfo01,2023,Bateador
205,Matt Wallner,5,2022,2026,0,3.4,307,1107,946,133,211,50,5,55,138,10,5,114,367,0.223,0.333,0.461,0.794,Sep 17 2022,25,MIN,wallnma01,2023,Bateador
211,Jordan Westburg,3,2023,2025,1,5.1,260,1027,952,142,251,53,8,38,127,11,6,55,233,0.264,0.312,0.456,0.768,Jun 26 2023,24,BAL,westbjo01,2023,Bateador
213,Joey Wiemer,4,2023,2026,0,1.7,212,582,518,73,112,26,1,19,66,13,5,52,177,0.216,0.296,0.38,0.676,Apr 1 2023,24,MIL,wiemejo01,2023,Bateador
214,Alika Williams,3,2023,2026,0,0.1,112,277,254,30,58,15,2,1,18,1,1,14,77,0.228,0.274,0.315,0.589,Jul 25 2023,24,PIT,willial04,2023,Bateador
218,Brett Wisely,3,2023,2025,0,0.6,168,466,426,40,91,22,1,7,49,5,5,29,119,0.214,0.265,0.319,0.584,Mar 30 2023,24,SFG,wiselbr01,2023,Bateador
220,Masataka Yoshida,4,2023,2026,0,3.2,359,1387,1263,151,351,73,4,31,165,15,0,88,178,0.278,0.336,0.416,0.752,Mar 30 2023,29,BOS,yoshima02,2023,Bateador
221,Jared Young,4,2022,2026,0,0.8,85,240,216,29,47,7,3,12,28,3,0,18,63,0.218,0.288,0.444,0.732,Sep 16 2022,27,CHC,youngja02,2023,Bateador
36,Dominic Canzone,4,2023,2026,0,-0.2,15,41,38,4,9,2,0,1,8,0,0,2,8,0.237,0.293,0.368,0.661,Jul 8 2023,25,ARI,canzodo01,2023,Bateador
6,Nick Allen,5,2022,2026,0,2.7,421,1253,1140,110,245,34,2,10,70,17,10,76,253,0.215,0.266,0.275,0.541,Apr 19 2022,23,ATH/OAK,allenni02,2022,Bateador
7,Jonathan Aranda,5,2022,2026,1,5.9,297,1109,956,144,267,50,1,37,150,0,2,123,271,0.279,0.369,0.45,0.819,Jun 24 2022,24,TBR,arandjo01,2022,Bateador
9,José Azócar,5,2022,2026,0,-0.1,237,434,400,59,99,19,3,2,22,20,9,24,91,0.248,0.293,0.325,0.618,Apr 7 2022,26,SDP,azocajo01,2022,Bateador
12,Luis Barrera,2,2021,2022,0,0.4,38,93,85,4,20,5,0,1,7,3,0,6,19,0.235,0.29,0.329,0.62,May 19 2021,26,ATH/OAK,barrelu01,2022,Bateador
13,Joey Bart,7,2020,2026,0,3.3,362,1196,1069,128,255,40,3,31,122,3,2,96,367,0.239,0.317,0.369,0.685,Aug 20 2020,25,SFG,bartjo01,2022,Bateador
14,Matthew Batten,3,2022,2024,0,0.3,59,164,142,19,34,7,1,2,12,2,2,19,36,0.239,0.337,0.345,0.682,Jun 30 2022,27,SDP,battema01,2022,Bateador
18,Seth Beer,2,2021,2022,0,-0.8,43,136,120,8,25,4,0,2,12,0,0,12,34,0.208,0.294,0.292,0.586,Sep 10 2021,25,ARI,beerse01,2022,Bateador
21,Will Benson,5,2022,2026,0,0.4,405,1145,1011,142,223,46,13,40,124,38,13,115,381,0.221,0.302,0.41,0.713,Aug 1 2022,24,CLE,bensowi01,2022,Bateador
23,JJ Bleday,5,2022,2026,0,1.8,460,1767,1541,207,336,92,7,62,179,15,10,208,402,0.218,0.313,0.408,0.72,Jul 23 2022,24,MIA,bledajj01,2022,Bateador
28,Jonah Bride,4,2022,2025,0,-0.2,214,690,594,63,131,19,0,12,57,1,2,71,148,0.221,0.311,0.313,0.624,Jun 14 2022,26,ATH/OAK,bridejo01,2022,Bateador
30,Vidal Bruján,6,2021,2026,0,-0.8,270,658,595,80,117,26,2,5,49,16,15,49,142,0.197,0.266,0.272,0.538,Jul 7 2021,24,TBR,brujavi01,2022,Bateador
31,Peyton Burdick,2,2022,2023,0,-0.4,46,139,125,12,25,6,0,5,13,2,0,11,53,0.2,0.281,0.368,0.649,Aug 5 2022,25,MIA,burdipe01,2022,Bateador
32,Jake Burger,6,2021,2026,0,6.3,530,2055,1893,245,470,92,5,102,290,5,3,116,549,0.248,0.3,0.464,0.764,Jul 2 2021,26,CHW,burgeja01,2022,Bateador
35,Oswaldo Cabrera,5,2022,2026,0,1.8,303,956,864,120,201,34,1,20,95,15,5,72,207,0.233,0.293,0.344,0.637,Aug 17 2022,23,NYY,cabreos01,2022,Bateador
37,Luis Campusano,7,2020,2026,0,0.0,196,650,598,79,146,28,0,20,87,0,0,43,112,0.244,0.3,0.391,0.691,Sep 4 2020,23,SDP,campulu01,2022,Bateador
38,Kerry Carpenter,5,2022,2026,0,6.6,429,1534,1397,198,368,60,15,83,229,7,3,94,389,0.263,0.32,0.506,0.826,Aug 10 2022,24,DET,carpeke01,2022,Bateador
39,Diego Castillo,3,2022,2024,0,-0.5,101,292,269,31,56,14,0,11,31,1,1,16,76,0.208,0.257,0.383,0.64,Apr 7 2022,24,PIT,castidi02,2022,Bateador
42,Kody Clemens,5,2022,2026,0,2.5,338,1068,979,128,211,48,7,46,135,12,3,69,256,0.216,0.274,0.42,0.694,May 31 2022,26,DET,clemeko01,2022,Bateador
46,Oneil Cruz,6,2021,2026,0,6.4,443,1836,1634,233,388,76,10,74,242,94,14,180,591,0.237,0.315,0.432,0.747,Oct 2 2021,23,PIT,cruzon01,2022,Bateador
51,Jason Delay,3,2022,2024,0,-0.4,134,373,337,38,78,20,1,2,35,0,2,26,94,0.231,0.295,0.315,0.61,Jun 14 2022,27,PIT,delayja01,2022,Bateador
54,Brendan Donovan,5,2022,2026,1,12.0,517,2107,1849,250,521,101,6,43,210,16,13,193,286,0.282,0.362,0.413,0.775,Apr 25 2022,25,STL,donovbr01,2022,Bateador
55,Ezequiel Duran,5,2022,2026,0,3.3,439,1447,1346,156,342,72,5,28,146,30,10,78,359,0.254,0.301,0.377,0.678,Jun 4 2022,23,TEX,duranez01,2022,Bateador
57,Nate Eaton,4,2022,2026,0,0.6,123,293,260,37,60,10,3,3,21,25,3,22,75,0.231,0.299,0.327,0.626,Jul 14 2022,25,KCR,eatonna01,2022,Bateador
62,Jerar Encarnacion,4,2022,2026,0,-0.5,94,291,279,26,59,12,0,10,40,4,0,10,89,0.211,0.237,0.362,0.599,Jun 19 2022,24,MIA,encarje01,2022,Bateador
69,Nick Fortes,6,2021,2026,0,1.8,464,1376,1255,147,287,51,2,29,124,11,6,68,225,0.229,0.283,0.342,0.625,Sep 18 2021,25,MIA,forteni01,2022,Bateador
70,Tyler Freeman,5,2022,2026,0,-1.7,372,1281,1124,152,282,50,4,16,106,40,18,85,174,0.251,0.329,0.345,0.675,Aug 3 2022,23,CLE,freemty01,2022,Bateador
72,TJ Friedl,6,2021,2026,0,6.2,511,2062,1783,247,445,66,16,56,209,60,12,192,343,0.25,0.336,0.399,0.734,Sep 18 2021,26,CIN,friedtj01,2022,Bateador
73,Dérmis García,1,2022,2022,0,0.5,39,125,116,13,24,6,0,5,20,0,0,8,55,0.207,0.264,0.388,0.652,Jul 12 2022,24,ATH/OAK,garcide02,2022,Bateador
77,Stone Garrett,3,2022,2024,0,2.6,118,361,315,55,87,26,0,14,53,6,2,30,109,0.276,0.341,0.492,0.833,Aug 17 2022,26,ARI,garrest01,2022,Bateador
80,Luis González,3,2020,2022,0,0.4,107,363,320,34,81,19,2,4,36,10,2,33,78,0.253,0.328,0.363,0.69,Aug 18 2020,26,SFG,gonzalu03,2022,Bateador
81,Oscar González,3,2022,2025,0,0.3,166,623,594,56,157,35,2,13,59,1,3,22,134,0.264,0.294,0.396,0.689,May 26 2022,24,CLE,gonzaos01,2022,Bateador
82,Romy Gonzalez,6,2021,2026,0,2.3,273,803,751,102,201,44,7,20,109,24,9,35,226,0.268,0.3,0.425,0.725,Sep 3 2021,25,CHW,gonzaro01,2022,Bateador
84,Nolan Gorman,5,2022,2026,0,3.4,488,1810,1606,212,345,63,1,81,233,15,5,187,612,0.215,0.297,0.407,0.704,May 20 2022,22,STL,gormano01,2022,Bateador
86,Riley Greene,5,2022,2026,2,12.4,571,2430,2175,306,582,112,15,87,301,15,8,225,687,0.268,0.338,0.453,0.791,Jun 18 2022,21,DET,greenri03,2022,Bateador
87,Vaughn Grissom,4,2022,2026,0,-0.1,145,534,481,58,119,22,1,9,63,7,3,36,96,0.247,0.31,0.353,0.663,Aug 10 2022,21,ATL,grissva01,2022,Bateador
88,Jake Hager,2,2021,2022,0,-0.1,42,89,76,6,15,2,0,0,5,0,0,12,31,0.197,0.307,0.224,0.531,May 15 2021,29,ARI,hagerja01,2022,Bateador
89,Darick Hall,2,2022,2023,0,-0.3,59,198,190,21,43,9,1,10,19,0,0,7,62,0.226,0.258,0.442,0.7,Jun 29 2022,26,PHI,hallda02,2022,Bateador
90,Caleb Hamilton,2,2022,2023,0,-0.4,26,29,23,5,1,0,0,1,1,0,0,5,19,0.043,0.214,0.174,0.388,Jul 17 2022,27,MIN,hamilca01,2022,Bateador
91,Michael Harris II,5,2022,2026,0,16.7,599,2388,2249,301,621,113,15,87,298,75,19,100,490,0.276,0.31,0.456,0.766,May 28 2022,21,ATL,harrimi04,2022,Bateador
94,Payton Henry,2,2021,2022,0,-0.1,20,51,43,2,8,1,0,0,4,0,0,6,13,0.186,0.314,0.209,0.523,Sep 17 2021,25,MIA,henrypa01,2022,Bateador
96,David Hensley,3,2022,2024,0,-0.8,69,186,165,28,31,4,1,3,12,2,0,21,58,0.188,0.28,0.279,0.558,Aug 27 2022,26,HOU,henslda01,2022,Bateador
97,José Herrera,4,2022,2025,0,-0.6,187,562,475,56,95,17,1,3,42,1,0,54,138,0.2,0.28,0.259,0.539,Apr 9 2022,25,ARI,herrejo04,2022,Bateador
98,P.J. Higgins,3,2021,2026,0,-0.6,96,286,250,25,53,12,1,6,34,0,0,26,74,0.212,0.289,0.34,0.629,May 19 2021,29,CHC,higgipj01,2022,Bateador
101,Sam Huff,6,2020,2026,0,0.8,107,295,274,25,66,12,0,12,25,1,0,20,108,0.241,0.292,0.416,0.708,Sep 11 2020,24,TEX,huffsa01,2022,Bateador
103,Cooper Hummel,4,2022,2025,0,-1.7,119,340,295,32,48,9,3,6,24,7,1,39,106,0.163,0.268,0.275,0.543,Apr 7 2022,27,ARI,hummeco01,2022,Bateador
104,Kyle Isbel,6,2021,2026,0,7.1,552,1692,1540,213,367,73,21,26,155,38,14,100,360,0.238,0.289,0.364,0.653,Apr 1 2021,25,KCR,isbelky01,2022,Bateador
114,Steven Kwan,5,2022,2026,2,17.4,661,2907,2575,379,706,115,18,37,219,76,19,280,279,0.274,0.348,0.376,0.724,Apr 7 2022,24,CLE,kwanst01,2022,Bateador
116,Shea Langeliers,5,2022,2026,0,10.3,513,2056,1876,247,449,95,7,107,280,16,6,148,516,0.239,0.298,0.469,0.766,Aug 16 2022,24,ATH/OAK,langesh01,2022,Bateador
117,Charles Leblanc,2,2022,2024,0,0.8,59,197,177,24,45,10,0,6,17,4,2,19,62,0.254,0.33,0.412,0.742,Jul 30 2022,26,MIA,leblach01,2022,Bateador
122,Alejo Lopez,3,2021,2023,0,-0.4,74,181,170,19,45,6,1,1,11,3,1,9,27,0.265,0.309,0.329,0.639,Jun 28 2021,26,CIN,lopezal03,2022,Bateador
123,Josh Lowe,6,2021,2026,0,4.2,454,1676,1540,199,380,89,8,49,188,81,8,119,465,0.247,0.302,0.41,0.712,Sep 8 2021,24,TBR,lowejo01,2022,Bateador
126,Bligh Madris,3,2022,2024,0,-1.1,72,228,206,22,42,11,0,2,12,2,1,20,58,0.204,0.273,0.286,0.56,Jun 20 2022,26,PIT,madribl01,2022,Bateador
127,Tucupita Marcano,3,2021,2023,0,-1.1,149,447,406,41,88,19,4,5,34,7,4,26,88,0.217,0.269,0.32,0.589,Apr 1 2021,22,PIT,marcatu01,2022,Bateador
135,Michael Massey,5,2022,2026,0,3.5,425,1499,1391,147,341,67,4,43,164,14,3,67,277,0.245,0.284,0.392,0.676,Jul 15 2022,24,KCR,massemi02,2022,Bateador
137,J.J. Matijevic,1,2022,2022,0,-0.1,32,71,67,7,14,2,0,2,5,1,0,2,25,0.209,0.254,0.328,0.582,Apr 22 2022,26,HOU,matijjj01,2022,Bateador
138,Jake McCarthy,6,2021,2026,0,4.9,502,1708,1538,216,409,62,25,30,176,96,18,112,324,0.266,0.326,0.397,0.723,Aug 27 2021,24,ARI,mccarja02,2022,Bateador
141,MJ Melendez,5,2022,2026,0,-1.5,491,1796,1585,185,338,80,12,56,174,12,12,183,487,0.213,0.298,0.385,0.683,May 3 2022,23,KCR,melenmj01,2022,Bateador
142,Joey Meneses,4,2022,2026,0,0.9,293,1228,1128,124,307,61,1,29,167,3,0,77,247,0.272,0.322,0.405,0.727,Aug 2 2022,30,WSN,menesjo01,2022,Bateador
143,José Miranda,4,2022,2025,0,2.0,298,1100,1023,103,269,57,4,28,133,3,3,55,194,0.263,0.31,0.409,0.719,May 2 2022,24,MIN,miranjo01,2022,Bateador
144,Calvin Mitchell,2,2022,2023,0,-0.5,71,237,216,21,48,11,0,5,17,3,1,19,53,0.222,0.284,0.343,0.626,May 24 2022,23,PIT,mitchca01,2022,Bateador
147,Elehuris Montero,3,2022,2024,0,-1.7,205,739,684,84,156,40,3,21,87,0,0,43,227,0.228,0.277,0.387,0.665,May 1 2022,23,COL,monteel01,2022,Bateador
149,Christopher Morel,5,2022,2026,0,1.1,499,1843,1648,213,362,66,10,74,211,32,18,164,566,0.22,0.296,0.407,0.702,May 17 2022,23,CHC,morelch01,2022,Bateador
150,Gabriel Moreno,5,2022,2026,0,11.2,374,1341,1187,154,334,62,3,28,169,15,6,129,224,0.281,0.352,0.409,0.761,Jun 11 2022,22,TOR,morenga01,2022,Bateador
155,Tyler Nevin,4,2021,2024,0,-1.1,192,591,511,53,104,19,1,12,49,1,1,61,140,0.204,0.299,0.315,0.615,May 29 2021,25,BAL,nevinty01,2022,Bateador
162,Cristian Pache,5,2020,2024,0,-1.3,251,610,557,49,101,23,4,7,49,5,5,44,188,0.181,0.243,0.275,0.518,Aug 21 2020,23,ATH/OAK,pachecr01,2022,Bateador
163,Joshua Palacios,5,2021,2025,0,-1.7,207,578,524,62,117,17,2,15,64,7,0,38,130,0.223,0.287,0.349,0.637,Apr 9 2021,26,WSN,palacjo01,2022,Bateador
164,Richie Palacios,5,2022,2026,0,2.4,255,785,680,95,162,28,3,13,71,34,6,88,144,0.238,0.332,0.346,0.678,Apr 25 2022,25,CLE,palacri01,2022,Bateador
167,Vinnie Pasquantino,5,2022,2026,0,5.4,492,2085,1860,213,484,100,5,76,294,6,0,181,294,0.26,0.327,0.442,0.769,Jun 28 2022,24,KCR,pasquvi01,2022,Bateador
169,Liover Peguero,4,2022,2025,0,-0.4,96,315,291,30,66,6,1,11,36,10,2,18,97,0.227,0.278,0.368,0.646,Jun 18 2022,21,PIT,pegueli01,2022,Bateador
170,Jeremy Peña,5,2022,2026,1,20.5,616,2587,2376,333,648,119,9,70,268,72,20,140,503,0.273,0.323,0.419,0.742,Apr 7 2022,24,HOU,penaje02,2022,Bateador
171,Geraldo Perdomo,6,2021,2026,1,16.2,644,2486,2086,331,526,99,17,39,256,73,21,302,379,0.252,0.35,0.372,0.722,Apr 3 2021,22,ARI,perdoge01,2022,Bateador
173,René Pinto,3,2022,2024,0,0.1,82,237,225,20,52,9,0,10,32,0,0,8,87,0.231,0.263,0.404,0.667,Apr 26 2022,25,TBR,pintore02,2022,Bateador
175,Nick Pratto,3,2022,2024,0,-1.6,144,527,464,51,100,25,1,14,55,1,1,48,204,0.216,0.295,0.364,0.659,Jul 14 2022,23,KCR,prattni01,2022,Bateador
180,Alfonso Rivas III,3,2021,2023,0,0.8,167,459,404,42,98,16,3,7,43,7,1,42,139,0.243,0.324,0.349,0.673,Aug 29 2021,25,CHC,rivasal01,2022,Bateador
182,Julio Rodríguez,5,2022,2026,3,24.9,676,2974,2728,414,743,125,9,126,381,128,31,197,707,0.272,0.33,0.463,0.793,Apr 8 2022,21,SEA,rodriju01,2022,Bateador
183,Adley Rutschman,5,2022,2026,2,16.4,561,2396,2085,286,530,118,6,69,272,6,3,279,381,0.254,0.342,0.416,0.758,May 21 2022,24,BAL,rutscad01,2022,Bateador
190,Brian Serven,3,2022,2024,0,-0.3,101,299,273,25,51,9,1,6,20,0,0,18,76,0.187,0.247,0.293,0.54,May 18 2022,27,COL,servebr01,2022,Bateador
193,Josh Smith,5,2022,2026,0,7.3,490,1757,1527,195,359,69,4,31,134,30,9,168,348,0.235,0.326,0.346,0.673,May 30 2022,24,TEX,smithjo11,2022,Bateador
194,Kevin Smith,4,2021,2024,0,-0.3,116,333,306,26,53,13,1,8,25,5,0,15,104,0.173,0.215,0.301,0.516,Aug 18 2021,25,ATH/OAK,smithke05,2022,Bateador
197,Michael Stefanic,5,2022,2026,0,-0.2,101,294,260,20,60,8,1,0,14,0,1,26,44,0.231,0.315,0.269,0.584,Jul 3 2022,26,LAA,stefami01,2022,Bateador
198,Bryson Stott,5,2022,2026,0,10.4,653,2543,2295,299,583,107,12,56,274,115,15,205,426,0.254,0.316,0.384,0.7,Apr 8 2022,24,PHI,stottbr01,2022,Bateador
200,Kyle Stowers,5,2022,2026,1,3.5,296,1060,942,118,234,52,9,39,142,6,3,94,322,0.248,0.325,0.447,0.772,Jun 13 2022,24,BAL,stoweky01,2022,Bateador
204,Jack Suwinski,4,2022,2025,0,1.3,397,1361,1170,152,233,47,2,57,148,33,6,167,422,0.199,0.305,0.389,0.694,Apr 26 2022,23,PIT,suwinja01,2022,Bateador
205,Seiya Suzuki,5,2022,2026,0,13.5,602,2564,2256,318,606,122,17,99,335,36,20,267,642,0.269,0.347,0.469,0.816,Apr 7 2022,27,CHC,suzukse01,2022,Bateador
207,Alek Thomas,5,2022,2026,0,2.5,448,1485,1377,172,317,67,10,31,143,28,9,72,322,0.23,0.273,0.361,0.634,May 8 2022,22,ARI,thomaal01,2022,Bateador
208,Bubba Thompson,3,2022,2024,0,-0.6,109,259,241,33,56,10,1,1,13,27,5,11,83,0.232,0.273,0.295,0.568,Aug 4 2022,24,TEX,thompbu01,2022,Bateador
210,Spencer Torkelson,5,2022,2026,0,2.0,601,2448,2156,287,486,116,4,94,274,5,3,246,651,0.225,0.311,0.414,0.725,Apr 8 2022,22,DET,torkesp01,2022,Bateador
214,Terrin Vavra,3,2022,2025,0,-0.5,68,160,139,23,35,2,1,1,17,1,1,17,31,0.252,0.329,0.302,0.631,Jul 29 2022,25,BAL,vavrate01,2022,Bateador
215,Nelson Velázquez,4,2022,2026,0,0.5,210,658,590,93,129,23,4,34,94,7,2,56,187,0.219,0.293,0.444,0.737,May 30 2022,23,CHC,velazne01,2022,Bateador
217,Matt Vierling,6,2021,2026,0,2.7,532,1865,1693,221,425,78,14,40,178,26,13,136,385,0.251,0.309,0.385,0.694,Jun 19 2021,25,PHI,vierlma01,2022,Bateador
218,David Villar,4,2022,2025,0,0.9,118,383,335,43,67,17,1,15,41,1,2,34,121,0.2,0.292,0.391,0.683,Jul 4 2022,25,SFG,villada01,2022,Bateador
220,Drew Waters,4,2022,2025,0,0.6,208,684,620,77,145,24,9,14,65,21,8,52,213,0.234,0.3,0.369,0.67,Aug 22 2022,23,KCR,waterdr01,2022,Bateador
224,Bobby Witt Jr.,5,2022,2026,2,26.6,706,3076,2804,447,814,171,35,117,409,176,47,213,547,0.29,0.343,0.501,0.844,Apr 7 2022,22,KCR,wittbo02,2022,Bateador
225,Connor Wong,6,2021,2026,0,4.7,383,1258,1140,148,283,69,4,24,117,20,11,83,336,0.248,0.309,0.379,0.688,Jun 22 2021,26,BOS,wongco01,2022,Bateador
227,Juan Yepez,3,2022,2024,0,0.2,166,588,539,64,139,29,0,20,58,2,2,38,123,0.258,0.307,0.423,0.73,May 4 2022,24,STL,yepezju01,2022,Bateador
2,CJ Abrams,5,2022,2026,1,13.0,561,2369,2154,323,546,115,21,75,259,128,25,141,472,0.253,0.314,0.431,0.745,Apr 8 2022,21,WSN,abramcj01,2022,Bateador
2,CJ Abrams,5,2022,2026,1,0.1,46,139,125,16,29,5,0,2,11,1,2,4,27,0.232,0.285,0.32,0.605,Apr 8 2022,21,SDP,abramcj01,2022,Bateador
36,Alex Call,5,2022,2026,0,3.8,265,904,773,104,188,35,4,19,91,18,13,102,159,0.243,0.342,0.373,0.714,Jul 11 2022,27,WSN,callal02,2022,Bateador
36,Alex Call,5,2022,2026,0,1.1,89,211,178,32,46,9,0,3,21,2,1,26,37,0.258,0.357,0.36,0.717,Jul 11 2022,27,LAD,callal02,2022,Bateador
36,Alex Call,5,2022,2026,0,0.1,12,16,12,2,2,0,0,0,0,0,0,4,4,0.167,0.375,0.167,0.542,Jul 11 2022,27,CLE,callal02,2022,Bateador
61,Drew Ellis,3,2021,2023,0,-0.9,34,97,82,12,11,3,0,1,6,0,0,11,33,0.134,0.268,0.207,0.475,Jul 30 2021,26,ARI,ellisdr01,2022,Bateador
61,Drew Ellis,3,2021,2023,0,0.2,12,29,23,4,5,0,0,2,4,0,1,6,7,0.217,0.379,0.478,0.858,Jul 30 2021,26,PHI,ellisdr01,2022,Bateador
61,Drew Ellis,3,2021,2023,0,-0.1,1,3,3,0,1,0,0,0,0,0,0,0,1,0.333,0.333,0.333,0.667,Jul 30 2021,26,SEA,ellisdr01,2022,Bateador
64,Stuart Fairchild,6,2021,2026,0,2.3,229,587,514,80,119,28,3,18,64,23,6,50,158,0.232,0.316,0.403,0.719,Jul 6 2021,26,CIN,faircst01,2022,Bateador
64,Stuart Fairchild,6,2021,2026,0,-0.3,28,55,51,7,11,4,1,0,2,2,1,4,15,0.216,0.273,0.333,0.606,Jul 6 2021,26,ATL,faircst01,2022,Bateador
64,Stuart Fairchild,6,2021,2026,0,0.1,14,27,19,3,3,0,0,0,1,2,0,7,14,0.158,0.407,0.158,0.565,Jul 6 2021,26,CLE,faircst01,2022,Bateador
64,Stuart Fairchild,6,2021,2026,0,0.0,12,17,15,3,2,1,0,0,2,0,0,1,3,0.133,0.235,0.2,0.435,Jul 6 2021,26,ARI,faircst01,2022,Bateador
64,Stuart Fairchild,6,2021,2026,0,-0.1,5,8,8,1,0,0,0,0,0,0,0,0,3,0.0,0.0,0.0,0.0,Jul 6 2021,26,SFG,faircst01,2022,Bateador
64,Stuart Fairchild,6,2021,2026,0,-0.1,3,3,3,0,0,0,0,0,0,0,0,0,2,0.0,0.0,0.0,0.0,Jul 6 2021,26,SEA,faircst01,2022,Bateador
79,José Godoy,2,2021,2022,0,-0.1,16,40,37,2,6,1,0,0,3,0,0,3,14,0.162,0.225,0.189,0.414,May 21 2021,27,SEA,godoyjo01,2022,Bateador
79,José Godoy,2,2021,2022,0,-0.3,8,17,17,1,1,0,0,0,1,0,0,0,7,0.059,0.059,0.059,0.118,May 21 2021,27,PIT,godoyjo01,2022,Bateador
79,José Godoy,2,2021,2022,0,0.0,2,5,3,2,0,0,0,0,0,0,0,2,2,0.0,0.4,0.0,0.4,May 21 2021,27,MIN,godoyjo01,2022,Bateador
93,Tyler Heineman,7,2019,2026,0,2.0,126,327,281,39,68,12,2,4,30,2,0,24,66,0.242,0.322,0.342,0.663,Sep 4 2019,31,TOR,heinety01,2022,Bateador
93,Tyler Heineman,7,2019,2026,0,0.0,55,168,151,15,31,6,0,0,8,2,0,9,14,0.205,0.273,0.245,0.518,Sep 4 2019,31,PIT,heinety01,2022,Bateador
93,Tyler Heineman,7,2019,2026,0,0.1,15,50,42,3,8,1,0,0,1,1,0,4,6,0.19,0.292,0.214,0.506,Sep 4 2019,31,SFG,heinety01,2022,Bateador
93,Tyler Heineman,7,2019,2026,0,0.1,5,12,11,1,3,1,0,1,2,0,0,0,4,0.273,0.273,0.636,0.909,Sep 4 2019,31,MIA,heinety01,2022,Bateador
93,Tyler Heineman,7,2019,2026,0,0.1,4,10,9,1,3,1,0,0,0,0,0,1,1,0.333,0.4,0.444,0.844,Sep 4 2019,31,LAA,heinety01,2022,Bateador
93,Tyler Heineman,7,2019,2026,0,0.1,2,3,2,0,0,0,0,0,0,0,0,0,1,0.0,0.333,0.0,0.333,Sep 4 2019,31,BOS,heinety01,2022,Bateador
125,David MacKinnon,1,2022,2022,0,-0.3,16,43,37,0,7,0,0,0,6,0,0,5,12,0.189,0.279,0.189,0.468,Jun 18 2022,27,LAA,mackida01,2022,Bateador
125,David MacKinnon,1,2022,2022,0,-0.2,6,14,13,2,0,0,0,0,0,0,0,1,5,0.0,0.071,0.0,0.071,Jun 18 2022,27,ATH/OAK,mackida01,2022,Bateador
136,Mark Mathias,3,2020,2023,0,0.2,22,53,52,4,12,3,0,1,8,2,0,0,11,0.231,0.226,0.346,0.573,Aug 4 2020,27,MIL,mathima01,2022,Bateador
136,Mark Mathias,3,2020,2023,0,0.8,24,74,65,11,18,3,0,5,16,2,0,9,26,0.277,0.365,0.554,0.919,Aug 4 2020,27,TEX,mathima01,2022,Bateador
136,Mark Mathias,3,2020,2023,0,-0.2,22,62,52,5,12,2,0,0,4,3,0,10,11,0.231,0.355,0.269,0.624,Aug 4 2020,27,PIT,mathima01,2022,Bateador
136,Mark Mathias,3,2020,2023,0,-0.1,5,10,10,1,2,0,0,0,2,0,0,0,4,0.2,0.2,0.2,0.4,Aug 4 2020,27,SFG,mathima01,2022,Bateador
146,Mickey Moniak,7,2020,2026,0,1.7,228,803,763,92,185,40,5,31,100,15,7,31,252,0.242,0.279,0.43,0.709,Sep 16 2020,24,LAA,moniami01,2022,Bateador
146,Mickey Moniak,7,2020,2026,0,-0.8,47,105,93,10,12,1,0,1,5,0,0,10,41,0.129,0.214,0.172,0.386,Sep 16 2020,24,PHI,moniami01,2022,Bateador
146,Mickey Moniak,7,2020,2026,0,0.5,188,658,616,90,168,31,11,39,105,10,3,33,158,0.273,0.313,0.549,0.862,Sep 16 2020,24,COL,moniami01,2022,Bateador
166,Michael Papierski,1,2022,2022,0,-0.4,34,93,82,6,13,1,0,1,4,0,0,9,22,0.159,0.242,0.207,0.449,May 21 2022,26,CIN,papiemi01,2022,Bateador
166,Michael Papierski,1,2022,2022,0,-0.2,5,10,9,1,0,0,0,0,0,0,0,1,4,0.0,0.1,0.0,0.1,May 21 2022,26,SFG,papiemi01,2022,Bateador
181,Emmanuel Rivera,5,2021,2025,0,1.0,125,431,389,54,97,21,0,10,47,2,2,34,93,0.249,0.311,0.38,0.691,Jun 28 2021,26,ARI,riverem01,2022,Bateador
181,Emmanuel Rivera,5,2021,2025,0,0.9,92,309,288,37,70,12,3,7,27,2,0,19,67,0.243,0.294,0.378,0.673,Jun 28 2021,26,KCR,riverem01,2022,Bateador
181,Emmanuel Rivera,5,2021,2025,0,0.3,69,200,184,14,50,7,1,4,27,1,0,12,42,0.272,0.32,0.386,0.706,Jun 28 2021,26,BAL,riverem01,2022,Bateador
181,Emmanuel Rivera,5,2021,2025,0,-0.6,96,229,201,15,43,6,1,1,15,2,0,20,51,0.214,0.294,0.269,0.563,Jun 28 2021,26,MIA,riverem01,2022,Bateador
191,Jose Siri,6,2021,2026,0,4.1,287,990,906,143,190,38,3,47,117,34,11,62,360,0.21,0.266,0.414,0.68,Sep 3 2021,26,TBR,sirijo01,2022,Bateador
191,Jose Siri,6,2021,2026,0,1.2,69,196,181,28,38,4,3,7,19,9,2,10,65,0.21,0.265,0.381,0.647,Sep 3 2021,26,HOU,sirijo01,2022,Bateador
191,Jose Siri,6,2021,2026,0,0.8,36,82,72,17,19,3,0,4,16,1,1,6,21,0.264,0.325,0.472,0.797,Sep 3 2021,26,LAA,sirijo01,2022,Bateador
191,Jose Siri,6,2021,2026,0,-0.5,16,36,32,7,2,2,0,0,1,2,0,4,17,0.063,0.167,0.125,0.292,Sep 3 2021,26,NYM,sirijo01,2022,Bateador
5,Sergio Alcántara,4,2020,2025,0,-0.1,193,506,450,58,93,14,5,12,47,4,2,44,137,0.207,0.278,0.34,0.618,Sep 6 2020,24,CHC,alcanse01,2021,Bateador
7,Eddy Alvarez,4,2020,2024,0,-0.3,62,153,135,17,23,5,1,1,11,4,0,8,45,0.17,0.257,0.244,0.501,Aug 5 2020,31,MIA,alvared01,2021,Bateador
12,Randy Arozarena,8,2019,2026,2,19.4,880,3694,3202,503,811,180,11,126,427,150,53,357,943,0.253,0.346,0.434,0.78,Aug 14 2019,26,TBR,arozara01,2021,Bateador
14,Akil Baddoo,5,2021,2025,0,2.8,347,1143,1016,137,228,39,12,28,104,43,13,120,307,0.224,0.305,0.369,0.674,Apr 4 2021,22,DET,baddoak01,2021,Bateador
16,Tres Barrera,4,2019,2023,0,0.0,57,164,145,10,33,4,1,2,14,0,0,14,38,0.228,0.313,0.31,0.623,Sep 14 2019,26,WSN,barretr01,2021,Bateador
17,Jose Barrero,5,2020,2025,0,-2.8,161,478,444,40,81,16,1,5,35,9,4,29,172,0.182,0.238,0.257,0.495,Aug 27 2020,23,CIN,garcijo02,2021,Bateador
21,Braden Bishop,3,2019,2021,0,-0.2,47,99,90,6,12,2,0,0,8,1,0,5,33,0.133,0.188,0.156,0.343,Mar 21 2019,27,SEA,bishobr01,2021,Bateador
24,Bobby Bradley,3,2019,2022,0,-0.3,97,345,307,41,61,15,0,17,45,0,0,29,128,0.199,0.278,0.414,0.692,Jun 23 2019,25,CLE,bradlbo01,2021,Bateador
27,Seth Brown,7,2019,2025,0,3.0,568,1804,1641,180,371,79,8,74,233,24,6,145,496,0.226,0.292,0.419,0.712,Aug 26 2019,28,ATH/OAK,brownse01,2021,Bateador
31,Daz Cameron,5,2020,2025,0,-1.7,160,472,435,55,87,16,3,11,42,15,0,31,141,0.2,0.258,0.326,0.585,Sep 9 2020,24,DET,camerda01,2021,Bateador
33,Dylan Carlson,7,2020,2026,0,3.5,570,1991,1759,210,409,92,11,43,195,16,8,179,461,0.233,0.312,0.371,0.682,Aug 15 2020,22,STL,carlsdy01,2021,Bateador
37,Rodolfo Castro,3,2021,2023,0,0.6,194,627,566,55,124,17,4,22,59,6,7,51,175,0.219,0.292,0.38,0.672,Apr 21 2021,22,PIT,castrro01,2021,Bateador
38,Gilberto Celestino,2,2021,2022,0,0.2,145,409,370,37,82,15,1,4,27,4,1,35,91,0.222,0.292,0.3,0.592,Jun 2 2021,22,MIN,celesgi01,2021,Bateador
39,Jazz Chisholm Jr.,7,2020,2026,2,13.3,660,2666,2393,358,585,89,18,120,341,154,40,231,740,0.244,0.315,0.447,0.762,Sep 1 2020,23,MIA,chishja01,2021,Bateador
43,Ernie Clement,6,2021,2026,0,8.7,517,1735,1630,210,436,86,7,32,154,21,11,69,184,0.267,0.3,0.388,0.688,Jun 13 2021,25,CLE,clemeer01,2021,Bateador
45,William Contreras,7,2020,2026,2,16.8,678,2860,2511,391,692,134,5,94,365,24,9,314,592,0.276,0.357,0.445,0.803,Jul 24 2020,23,ATL,contrwi02,2021,Bateador
50,Bobby Dalbec,6,2020,2025,0,-0.7,338,1065,964,117,214,38,7,47,143,9,0,82,390,0.222,0.29,0.422,0.713,Aug 30 2020,26,BOS,dalbebo01,2021,Bateador
51,Taylor Davis,4,2017,2021,0,-0.1,22,45,41,3,10,1,0,1,7,0,0,3,9,0.244,0.289,0.341,0.63,Sep 8 2017,31,PIT,davista01,2021,Bateador
53,Bryan De La Cruz,5,2021,2025,0,-0.4,491,1872,1738,177,436,85,2,58,208,15,4,109,473,0.251,0.295,0.402,0.698,Jul 31 2021,24,MIA,delacbr01,2021,Bateador
57,Lewin Díaz,3,2020,2022,0,0.1,112,343,321,30,58,10,1,13,27,1,0,19,99,0.181,0.227,0.34,0.567,Aug 15 2020,24,MIA,diazle01,2021,Bateador
63,Jarren Duran,6,2021,2026,1,15.7,588,2467,2246,321,577,149,36,62,265,103,17,177,624,0.257,0.317,0.438,0.755,Jul 17 2021,24,BOS,duranja01,2021,Bateador
66,Phillip Evans,4,2017,2021,0,-0.4,121,353,307,34,71,9,0,6,27,2,1,39,76,0.231,0.331,0.319,0.651,Sep 8 2017,28,PIT,evansph01,2021,Bateador
71,Jake Fraley,8,2019,2026,0,2.6,496,1651,1455,188,359,72,3,49,184,64,17,170,365,0.247,0.331,0.401,0.732,Aug 21 2019,26,SEA,fraleja01,2021,Bateador
72,Wander Franco,3,2021,2023,1,11.3,265,1143,1037,164,292,61,14,30,130,40,11,92,139,0.282,0.34,0.454,0.795,Jun 22 2021,20,TBR,francwa01,2021,Bateador
73,Adolis García,8,2018,2026,2,14.4,833,3378,3082,423,720,153,8,148,480,77,21,232,959,0.234,0.291,0.433,0.724,Aug 8 2018,28,TEX,garciad02,2021,Bateador
74,Aramis Garcia,7,2018,2026,0,-1.7,129,350,331,29,68,5,0,11,27,0,1,10,126,0.205,0.24,0.32,0.56,Aug 31 2018,28,ATH/OAK,garciar01,2021,Bateador
76,Robel García,2,2019,2021,0,-0.9,77,197,178,16,31,5,2,6,19,0,0,15,77,0.174,0.24,0.326,0.566,Jul 3 2019,28,HOU,garciro02,2021,Bateador
82,Nick Gordon,4,2021,2024,0,-0.2,338,1027,956,106,233,53,7,23,112,21,10,43,238,0.244,0.283,0.386,0.669,May 6 2021,25,MIN,gordoni01,2021,Bateador
89,Eric Haase,9,2018,2026,0,2.9,408,1297,1199,142,270,44,3,52,169,6,1,81,399,0.225,0.276,0.397,0.673,Sep 2 2018,28,DET,haaseer01,2021,Bateador
90,Sam Haggerty,8,2019,2026,0,2.5,301,706,628,101,146,27,5,11,54,47,7,62,174,0.232,0.31,0.344,0.654,Sep 4 2019,27,SEA,haggesa01,2021,Bateador
91,Monte Harrison,3,2020,2022,0,0.1,50,76,68,13,12,2,0,2,6,7,1,6,37,0.176,0.253,0.294,0.547,Aug 4 2020,25,MIA,harrimo01,2021,Bateador
92,Ke'Bryan Hayes,7,2020,2026,0,14.7,672,2670,2458,284,608,109,18,44,230,64,17,183,539,0.247,0.302,0.36,0.662,Sep 1 2020,24,PIT,hayeske01,2021,Bateador
94,Nick Heath,2,2020,2021,0,-0.2,35,57,48,5,7,2,0,0,4,2,4,6,21,0.146,0.255,0.188,0.442,Jul 30 2020,27,ARI,heathni01,2021,Bateador
95,Jonah Heim,7,2020,2026,1,7.5,650,2346,2151,239,486,96,2,75,303,11,2,169,448,0.226,0.283,0.377,0.66,Aug 25 2020,26,TEX,heimjo01,2021,Bateador
99,Yadiel Hernández,3,2020,2022,0,0.6,218,644,595,66,159,27,1,19,79,5,1,42,145,0.267,0.315,0.412,0.727,Sep 10 2020,33,WSN,hernaya01,2021,Bateador
100,Yonny Hernández,3,2021,2023,0,0.8,69,221,189,22,36,6,0,0,10,13,2,21,44,0.19,0.286,0.222,0.508,Aug 5 2021,23,TEX,hernayo02,2021,Bateador
101,Derek Hill,7,2020,2026,0,1.6,283,750,689,88,159,18,5,20,67,30,9,41,235,0.231,0.28,0.358,0.639,Sep 4 2020,25,DET,hillde01,2021,Bateador
105,Andy Ibáñez,6,2021,2026,0,4.8,434,1246,1151,141,288,59,5,28,133,10,4,76,217,0.25,0.301,0.383,0.684,May 4 2021,28,TEX,ibanean01,2021,Bateador
106,Jonathan India,6,2021,2026,0,7.3,676,2853,2450,379,606,131,6,74,282,42,15,296,588,0.247,0.346,0.396,0.742,Apr 1 2021,24,CIN,indiajo01,2021,Bateador
110,Ryan Jeffers,7,2020,2026,0,10.2,552,2003,1760,233,428,90,5,75,249,8,4,188,490,0.243,0.328,0.428,0.755,Aug 20 2020,24,MIN,jeffery01,2021,Bateador
112,Connor Joe,7,2019,2026,0,3.2,501,1707,1484,196,353,88,9,36,148,15,11,189,379,0.238,0.332,0.382,0.714,Mar 28 2019,28,COL,joeco01,2021,Bateador
113,Daniel Johnson,5,2020,2026,0,-0.4,75,169,157,24,30,3,0,5,6,3,1,11,48,0.191,0.249,0.306,0.554,Jul 25 2020,25,CLE,johnsda07,2021,Bateador
114,Taylor Jones,3,2020,2022,0,-0.2,43,131,124,14,29,9,1,3,19,0,0,5,36,0.234,0.26,0.395,0.655,Jul 26 2020,27,HOU,jonesta01,2021,Bateador
116,Jarred Kelenic,6,2021,2026,0,-0.1,433,1557,1405,166,296,65,6,50,160,31,15,138,480,0.211,0.283,0.372,0.655,May 13 2021,21,SEA,kelenja01,2021,Bateador
118,Ha-Seong Kim,6,2021,2026,0,14.5,615,2249,1969,252,463,84,8,52,220,85,19,231,433,0.235,0.319,0.365,0.684,Apr 1 2021,25,SDP,kimha01,2021,Bateador
120,Alex Kirilloff,4,2020,2024,0,-0.1,249,884,799,92,198,40,5,27,116,2,1,62,215,0.248,0.309,0.412,0.721,Sep 30 2020,23,MIN,kirilal01,2021,Bateador
121,Alejandro Kirk,7,2020,2026,2,10.8,582,2138,1886,189,501,84,1,53,270,1,0,212,250,0.266,0.341,0.396,0.737,Sep 12 2020,22,TOR,kirkal01,2021,Bateador
127,Trevor Larnach,6,2021,2026,0,4.4,513,1916,1683,236,415,88,5,57,225,12,7,199,489,0.247,0.33,0.406,0.737,May 8 2021,24,MIN,larnatr01,2021,Bateador
133,Nick Madrigal,6,2020,2026,0,3.7,300,992,912,103,250,40,5,4,79,18,7,50,88,0.274,0.326,0.342,0.668,Jul 31 2020,24,CHW,madrini01,2021,Bateador
137,Rafael Marchán,5,2020,2026,0,1.0,109,320,294,31,62,9,1,9,32,0,0,19,51,0.211,0.267,0.34,0.607,Sep 14 2020,22,PHI,marchra01,2021,Bateador
138,Brandon Marsh,6,2021,2026,0,12.1,686,2413,2161,296,581,112,20,66,279,60,14,209,741,0.269,0.334,0.431,0.765,Jul 18 2021,23,LAA,marshbr02,2021,Bateador
140,Wyatt Mathisen,2,2020,2021,0,0.0,32,84,69,8,11,0,0,3,13,0,0,10,33,0.159,0.298,0.29,0.587,Sep 7 2020,27,ARI,mathiwy01,2021,Bateador
141,Nick Maton,5,2021,2025,0,-0.7,209,577,497,63,100,20,2,17,67,3,3,67,162,0.201,0.301,0.352,0.653,Apr 19 2021,24,PHI,matonni01,2021,Bateador
142,Patrick Mazeika,2,2021,2022,0,-0.4,61,159,147,10,28,7,0,2,12,0,0,6,27,0.19,0.236,0.279,0.515,May 5 2021,27,NYM,mazeipa01,2021,Bateador
144,Chas McCormick,5,2021,2025,0,5.8,500,1567,1388,198,343,52,5,56,196,37,16,137,430,0.247,0.321,0.413,0.734,Apr 1 2021,26,HOU,mccorch01,2021,Bateador
145,Ryan McKenna,4,2021,2024,0,0.8,295,523,461,70,102,23,1,8,45,9,2,45,174,0.221,0.298,0.328,0.626,Apr 5 2021,24,BAL,mckenry01,2021,Bateador
147,Zach McKinstry,7,2020,2026,1,4.7,592,1926,1726,216,392,79,25,40,164,60,15,162,433,0.227,0.297,0.371,0.669,Sep 16 2020,26,LAD,mckinza01,2021,Bateador
154,Yermín Mercedes,3,2020,2022,0,0.3,100,346,314,35,82,14,1,8,45,0,1,29,63,0.261,0.327,0.389,0.715,Aug 2 2020,28,CHW,merceye01,2021,Bateador
156,Jake Meyers,6,2021,2026,0,7.3,515,1702,1541,195,370,71,8,36,172,38,13,119,406,0.24,0.303,0.367,0.67,Aug 1 2021,25,HOU,meyerja02,2021,Bateador
157,Owen Miller,5,2021,2025,0,-0.8,303,1032,947,101,225,52,1,15,100,18,2,60,220,0.238,0.287,0.342,0.629,May 23 2021,24,CLE,milleow01,2021,Bateador
161,Ryan Mountcastle,7,2020,2026,0,7.7,660,2684,2457,303,646,126,5,98,364,17,6,175,666,0.263,0.312,0.438,0.75,Aug 21 2020,24,BAL,mountry01,2021,Bateador
166,Sheldon Neuse,3,2019,2022,0,-1.0,147,420,392,34,83,8,2,7,37,7,2,25,125,0.212,0.262,0.296,0.558,Aug 30 2019,26,LAD,neusesh01,2021,Bateador
170,Lars Nootbaar,6,2021,2026,0,10.0,548,2047,1754,262,429,88,10,60,201,28,12,264,414,0.245,0.344,0.409,0.752,Jun 22 2021,23,STL,nootbla01,2021,Bateador
172,Dom Nuñez,4,2019,2025,0,-1.0,113,354,307,40,56,16,3,12,39,0,0,43,122,0.182,0.28,0.371,0.651,Aug 13 2019,26,COL,nunezdo01,2021,Bateador
173,Brian O'Grady,3,2019,2021,0,0.3,62,114,98,14,18,6,1,4,12,1,0,12,35,0.184,0.283,0.388,0.671,Aug 8 2019,29,SDP,ogradbr01,2021,Bateador
177,Isaac Paredes,7,2020,2026,2,13.0,647,2563,2207,285,526,103,3,103,332,2,3,279,441,0.238,0.338,0.428,0.766,Aug 17 2020,22,DET,paredis01,2021,Bateador
181,Mark Payton,3,2020,2022,0,-0.5,40,69,61,5,10,1,0,0,1,1,0,8,16,0.164,0.261,0.18,0.441,Aug 22 2020,29,CIN,paytoma01,2021,Bateador
189,Cal Raleigh,6,2021,2026,1,18.5,678,2704,2371,334,523,100,2,161,399,23,6,296,771,0.221,0.31,0.468,0.778,Jul 11 2021,24,SEA,raleica01,2021,Bateador
190,Luke Raley,6,2021,2026,0,5.6,456,1451,1277,174,297,60,6,62,169,28,7,96,449,0.233,0.317,0.435,0.751,Apr 9 2021,26,LAD,raleylu01,2021,Bateador
191,Webster Rivas,1,2021,2021,0,0.2,24,77,68,8,15,2,0,2,4,0,0,8,16,0.221,0.303,0.338,0.641,May 28 2021,30,SDP,rivaswe01,2021,Bateador
192,Sebastián Rivero,4,2021,2026,0,-0.2,69,164,152,12,30,6,0,0,14,1,0,9,46,0.197,0.247,0.237,0.484,May 8 2021,22,KCR,riverse01,2021,Bateador
195,Jake Rogers,6,2019,2026,0,2.3,353,1181,1060,139,209,42,7,45,135,4,1,96,378,0.197,0.268,0.377,0.645,Jul 30 2019,26,DET,rogerja03,2021,Bateador
198,Jose Rojas,2,2021,2022,0,-1.8,83,241,224,27,42,16,0,6,16,2,1,15,69,0.188,0.245,0.339,0.584,Apr 2 2021,28,LAA,rojasjo02,2021,Bateador
200,Brent Rooker,7,2020,2026,2,7.9,573,2312,2055,285,522,103,6,119,322,23,4,210,655,0.254,0.331,0.484,0.815,Sep 4 2020,26,MIN,rookebr01,2021,Bateador
201,Ben Rortvedt,4,2021,2025,0,0.2,227,633,559,50,106,18,0,9,52,1,0,62,159,0.19,0.279,0.27,0.549,Apr 30 2021,23,MIN,rortvbe01,2021,Bateador
206,Jesús Sánchez,7,2020,2026,0,4.9,653,2293,2080,252,505,106,13,80,267,34,8,181,590,0.243,0.308,0.422,0.729,Aug 21 2020,23,MIA,sanchje02,2021,Bateador
214,Max Schrock,3,2020,2022,0,-0.1,77,178,168,21,43,7,2,4,16,1,1,9,36,0.256,0.292,0.393,0.685,Aug 15 2020,26,CIN,schroma01,2021,Bateador
216,Gavin Sheets,6,2021,2026,0,-1.6,658,2250,2032,205,479,102,2,79,284,9,3,186,468,0.236,0.303,0.405,0.708,Jun 29 2021,25,CHW,sheetga01,2021,Bateador
219,Zack Short,6,2021,2026,0,-0.8,267,649,550,64,94,20,0,15,69,10,2,77,189,0.171,0.271,0.289,0.561,Apr 21 2021,26,DET,shortza01,2021,Bateador
221,Pavin Smith,7,2020,2026,0,0.2,471,1613,1414,191,342,70,6,46,185,8,3,179,362,0.242,0.327,0.397,0.725,Sep 12 2020,25,ARI,smithpa04,2021,Bateador
223,Edmundo Sosa,8,2018,2026,0,9.6,533,1509,1380,188,351,63,16,41,172,25,9,58,344,0.254,0.305,0.412,0.718,Sep 23 2018,25,STL,sosaed01,2021,Bateador
227,Tyler Stephenson,7,2020,2026,0,8.7,623,2208,1954,269,503,103,3,69,282,2,3,214,557,0.257,0.336,0.419,0.755,Jul 27 2020,24,CIN,stephty01,2021,Bateador
229,Leody Taveras,7,2020,2026,0,5.2,607,2188,2000,242,475,90,17,43,207,84,22,151,534,0.238,0.291,0.364,0.655,Jul 24 2020,22,TEX,taverle01,2021,Bateador
230,Tyrone Taylor,8,2019,2026,0,7.1,619,1764,1623,215,382,97,13,53,212,41,8,91,400,0.235,0.288,0.409,0.697,Sep 7 2019,27,MIL,tayloty01,2021,Bateador
231,Anderson Tejeda,2,2020,2021,0,0.2,28,94,91,8,20,4,1,3,8,5,1,3,40,0.22,0.245,0.385,0.629,Aug 6 2020,23,TEX,tejedan01,2021,Bateador
236,Wilfredo Tovar,4,2013,2021,0,-0.3,46,122,112,6,21,5,0,0,8,1,0,7,22,0.188,0.242,0.232,0.474,Sep 22 2013,29,NYM,tovarwi01,2021,Bateador
237,Taylor Trammell,6,2021,2026,0,-0.1,215,599,523,75,101,28,1,21,62,8,7,65,209,0.193,0.287,0.371,0.658,Apr 1 2021,23,SEA,trammta01,2021,Bateador
238,Alan Trejo,5,2021,2025,0,-0.9,186,512,474,53,106,21,0,9,48,6,3,27,119,0.224,0.269,0.325,0.594,Apr 10 2021,25,COL,trejoal01,2021,Bateador
239,Ramón Urías,7,2020,2026,0,11.2,566,1924,1731,212,440,84,6,52,220,9,5,143,436,0.254,0.319,0.4,0.719,Aug 20 2020,27,BAL,uriasra01,2021,Bateador
240,Andrew Vaughn,6,2021,2026,0,1.9,718,2849,2593,290,667,145,6,88,363,3,1,194,552,0.257,0.315,0.42,0.735,Apr 2 2021,23,CHW,vaughan01,2021,Bateador
243,Jason Vosler,4,2021,2024,0,-1.3,107,288,261,34,54,13,3,10,34,3,1,22,84,0.207,0.274,0.395,0.669,Apr 24 2021,27,SFG,vosleja01,2021,Bateador
245,Taylor Walls,6,2021,2026,0,11.6,545,1789,1553,212,307,68,10,22,155,78,18,204,453,0.198,0.291,0.297,0.588,May 22 2021,24,TBR,wallsta01,2021,Bateador
246,Donovan Walton,7,2019,2026,0,0.1,101,307,286,34,61,18,1,7,35,1,2,15,66,0.213,0.257,0.357,0.614,Sep 10 2019,27,SEA,waltodo01,2021,Bateador
253,Eli White,7,2020,2026,0,2.3,327,834,767,113,160,23,6,23,81,34,7,52,237,0.209,0.267,0.344,0.611,Sep 1 2020,27,TEX,whiteel04,2021,Bateador
257,Justin Williams,3,2018,2021,0,-0.6,55,144,125,10,20,0,0,4,11,0,1,18,48,0.16,0.271,0.256,0.527,Jul 21 2018,25,STL,williju02,2021,Bateador
258,Luke Williams,6,2021,2026,0,-0.7,223,350,321,43,68,14,1,2,21,25,6,25,96,0.212,0.272,0.28,0.553,Jun 8 2021,24,PHI,willilu01,2021,Bateador
259,Patrick Wisdom,8,2018,2026,0,2.4,470,1517,1352,195,279,59,3,89,211,23,8,135,558,0.206,0.288,0.452,0.74,Aug 12 2018,29,CHC,wisdopa01,2021,Bateador
260,Kean Wong,2,2019,2021,0,-0.7,39,84,78,5,13,2,1,0,6,0,2,2,23,0.167,0.188,0.218,0.405,Sep 5 2019,26,LAA,wongke01,2021,Bateador
262,Andrew Young,2,2020,2021,0,-0.9,70,138,117,16,24,9,0,7,19,0,0,11,55,0.205,0.319,0.462,0.78,Aug 1 2020,27,ARI,youngan02,2021,Bateador
263,Seby Zavala,5,2019,2024,0,0.0,194,557,497,59,102,23,0,15,56,1,0,40,200,0.205,0.271,0.342,0.613,May 25 2019,27,CHW,zavalse01,2021,Bateador
3,Riley Adams,5,2021,2025,0,2.4,251,819,735,72,158,36,4,21,73,2,1,64,264,0.215,0.291,0.361,0.651,Jun 8 2021,25,WSN,adamsri03,2021,Bateador
3,Riley Adams,5,2021,2025,0,-0.4,12,30,28,2,3,2,0,0,0,0,0,2,12,0.107,0.167,0.179,0.345,Jun 8 2021,25,TOR,adamsri03,2021,Bateador
22,Skye Bolt,3,2019,2022,0,-0.8,79,186,172,16,27,4,0,5,17,7,0,9,47,0.157,0.207,0.267,0.474,May 3 2019,27,ATH/OAK,boltsk01,2021,Bateador
22,Skye Bolt,3,2019,2022,0,-0.1,2,1,1,0,0,0,0,0,0,0,0,0,1,0.0,0.0,0.0,0.0,May 3 2019,27,SFG,boltsk01,2021,Bateador
87,Kelvin Gutiérrez,4,2019,2022,0,-0.6,62,233,217,13,49,6,3,2,19,1,1,14,61,0.226,0.275,0.309,0.583,Apr 27 2019,26,KCR,gutieke01,2021,Bateador
87,Kelvin Gutiérrez,4,2019,2022,0,0.5,59,186,165,16,38,5,1,2,15,1,0,17,53,0.23,0.314,0.309,0.623,Apr 27 2019,26,BAL,gutieke01,2021,Bateador
107,Alex Jackson,7,2019,2026,0,-0.6,19,50,43,2,3,1,0,0,0,0,0,3,22,0.07,0.2,0.093,0.293,Apr 7 2019,25,ATL,jacksal02,2021,Bateador
107,Alex Jackson,7,2019,2026,0,-0.4,58,155,139,17,17,7,0,3,12,1,0,12,53,0.122,0.201,0.237,0.439,Apr 7 2019,25,TBR,jacksal02,2021,Bateador
107,Alex Jackson,7,2019,2026,0,-0.3,42,123,108,11,17,4,0,3,12,0,0,11,60,0.157,0.26,0.278,0.538,Apr 7 2019,25,MIA,jacksal02,2021,Bateador
107,Alex Jackson,7,2019,2026,0,0.7,36,100,91,17,20,8,0,5,8,0,0,5,37,0.22,0.29,0.473,0.763,Apr 7 2019,25,BAL,jacksal02,2021,Bateador
107,Alex Jackson,7,2019,2026,0,0.2,18,47,45,5,14,3,0,0,3,0,0,0,14,0.311,0.34,0.378,0.718,Apr 7 2019,25,MIN,jacksal02,2021,Bateador
107,Alex Jackson,7,2019,2026,0,-0.1,5,12,12,0,3,0,0,0,0,0,0,0,7,0.25,0.25,0.25,0.5,Apr 7 2019,25,MIL,jacksal02,2021,Bateador
129,Domingo Leyba,2,2019,2021,0,-0.4,34,54,47,6,7,2,1,0,5,0,0,6,16,0.149,0.241,0.234,0.475,Jun 22 2019,25,ARI,leybado01,2021,Bateador
129,Domingo Leyba,2,2019,2021,0,-0.7,21,72,65,6,10,1,0,1,4,0,0,6,16,0.154,0.236,0.215,0.451,Jun 22 2019,25,BAL,leybado01,2021,Bateador
168,John Nogowski,2,2020,2021,0,-0.4,20,24,22,2,2,0,0,0,0,0,0,1,3,0.091,0.167,0.091,0.258,Aug 16 2020,28,STL,nogowjo01,2021,Bateador
168,John Nogowski,2,2020,2021,0,0.0,33,123,111,12,29,7,0,1,14,0,1,11,20,0.261,0.325,0.351,0.677,Aug 16 2020,28,PIT,nogowjo01,2021,Bateador
178,Hoy Park,2,2021,2022,0,-0.6,67,209,178,23,36,7,2,5,20,2,1,22,53,0.202,0.293,0.348,0.641,Jul 16 2021,25,PIT,parkho01,2021,Bateador
178,Hoy Park,2,2021,2022,0,0.0,1,1,1,0,0,0,0,0,0,0,0,0,0,0.0,0.0,0.0,0.0,Jul 16 2021,25,NYY,parkho01,2021,Bateador
185,DJ Peters,1,2021,2021,0,-0.1,52,206,197,24,39,7,1,12,34,2,0,4,68,0.198,0.218,0.426,0.645,Apr 23 2021,25,TEX,peterdj01,2021,Bateador
185,DJ Peters,1,2021,2021,0,0.1,18,34,26,5,5,2,0,1,4,0,0,8,14,0.192,0.382,0.385,0.767,Apr 23 2021,25,LAD,peterdj01,2021,Bateador
205,Keibert Ruiz,7,2020,2026,0,5.8,522,2026,1891,188,477,98,0,48,232,12,6,98,217,0.252,0.296,0.38,0.676,Aug 16 2020,22,WSN,ruizke01,2021,Bateador
205,Keibert Ruiz,7,2020,2026,0,0.1,8,15,15,2,3,0,0,2,2,0,0,0,8,0.2,0.2,0.6,0.8,Aug 16 2020,22,LAD,ruizke01,2021,Bateador
215,Frank Schwindel,3,2019,2022,0,0.7,131,531,493,65,138,30,1,21,76,2,1,35,94,0.28,0.328,0.473,0.8,Mar 28 2019,29,CHC,schwifr01,2021,Bateador
215,Frank Schwindel,3,2019,2022,0,0.0,8,20,20,2,3,1,0,1,3,0,0,0,5,0.15,0.15,0.35,0.5,Mar 28 2019,29,ATH/OAK,schwifr01,2021,Bateador
215,Frank Schwindel,3,2019,2022,0,-0.2,6,15,15,0,1,0,0,0,0,0,0,0,2,0.067,0.067,0.067,0.133,Mar 28 2019,29,KCR,schwifr01,2021,Bateador
235,Ka'ai Tom,2,2021,2022,0,-0.1,39,117,92,9,14,2,1,2,11,1,0,17,30,0.152,0.308,0.261,0.569,Apr 1 2021,27,PIT,tomka01,2021,Bateador
235,Ka'ai Tom,2,2021,2022,0,-0.3,9,16,16,1,1,0,0,0,1,0,0,0,6,0.063,0.063,0.063,0.125,Apr 1 2021,27,ATH/OAK,tomka01,2021,Bateador
235,Ka'ai Tom,2,2021,2022,0,0.0,1,1,1,0,0,0,0,0,0,0,0,0,0,0.0,0.0,0.0,0.0,Apr 1 2021,27,SFG,tomka01,2021,Bateador
2,Jo Adell,7,2020,2026,0,0.6,548,2012,1856,211,415,72,9,86,271,30,15,108,579,0.224,0.278,0.411,0.689,Aug 4 2020,21,LAA,adelljo01,2020,Bateador
3,Shogo Akiyama,2,2020,2021,0,-0.3,142,366,317,32,71,14,1,0,21,9,6,39,74,0.224,0.32,0.274,0.594,Jul 24 2020,32,CIN,akiyash01,2020,Bateador
8,Jonathan Araúz,4,2020,2023,0,-0.9,95,262,234,23,43,5,0,8,31,0,0,22,66,0.184,0.253,0.308,0.561,Jul 24 2020,21,BOS,arauzjo01,2020,Bateador
13,Anthony Bemboom,5,2019,2023,0,-0.6,82,216,192,17,31,4,0,5,12,0,1,17,63,0.161,0.236,0.26,0.496,May 12 2019,30,LAA,bemboan01,2020,Bateador
16,Alec Bohm,7,2020,2026,1,4.5,802,3283,3007,366,821,155,8,80,440,19,7,210,568,0.273,0.323,0.41,0.732,Aug 13 2020,23,PHI,bohmal01,2020,Bateador
21,Willi Castro,8,2019,2026,1,4.8,779,2883,2588,379,639,122,24,62,263,81,32,201,699,0.247,0.316,0.384,0.7,Aug 24 2019,23,DET,castrwi01,2020,Bateador
22,Yu Chang,5,2019,2023,0,0.4,235,650,594,72,121,24,4,20,79,5,1,43,188,0.204,0.265,0.359,0.624,Jun 28 2019,24,CLE,changyu01,2020,Bateador
23,Zack Collins,5,2019,2023,0,-1.1,152,465,398,45,75,21,1,11,49,1,1,61,156,0.188,0.3,0.329,0.629,Jun 19 2019,25,CHW,colliza01,2020,Bateador
24,Jake Cronenworth,7,2020,2026,2,15.3,818,3344,2893,409,707,153,25,82,376,25,10,334,599,0.244,0.334,0.4,0.733,Jul 26 2020,26,SDP,croneja01,2020,Bateador
26,Jonathan Davis,6,2018,2023,0,-0.5,205,454,388,66,77,10,1,6,30,19,5,42,122,0.198,0.295,0.276,0.57,Sep 5 2018,28,TOR,davisjo05,2020,Bateador
30,Mauricio Dubón,8,2019,2026,0,9.6,746,2389,2222,286,574,116,6,47,245,24,14,125,341,0.258,0.299,0.379,0.678,Jul 7 2019,25,SFG,dubonma01,2020,Bateador
33,Santiago Espinal,7,2020,2026,1,3.8,614,1836,1675,185,438,83,1,21,167,28,10,126,250,0.261,0.314,0.35,0.664,Jul 25 2020,25,TOR,espinsa01,2020,Bateador
38,Joshua Fuentes,3,2019,2021,0,1.2,149,443,424,52,103,19,1,12,57,2,0,15,114,0.243,0.269,0.377,0.646,Apr 6 2019,27,COL,fuentjo01,2020,Bateador
41,Luis García Jr.,7,2020,2026,0,5.1,686,2585,2437,303,653,133,13,76,331,51,22,121,428,0.268,0.301,0.427,0.728,Aug 14 2020,20,WSN,garcilu04,2020,Bateador
45,Andrés Giménez,7,2020,2026,1,20.0,753,2810,2535,314,638,113,13,63,292,121,19,146,526,0.252,0.313,0.381,0.694,Jul 24 2020,21,NYM,gimenan01,2020,Bateador
55,Austin Hays,9,2017,2026,1,10.1,694,2664,2451,340,641,143,13,84,319,24,14,156,595,0.262,0.312,0.433,0.745,Sep 7 2017,24,BAL,haysau01,2020,Bateador
56,Scott Heineman,3,2019,2021,0,-0.4,68,173,157,19,27,9,0,5,17,4,2,14,46,0.172,0.249,0.325,0.573,Aug 2 2019,27,TEX,heinesc01,2020,Bateador
59,Michael Hermosillo,5,2018,2022,0,-0.5,103,229,198,26,33,9,1,4,17,4,1,17,76,0.167,0.268,0.283,0.55,May 18 2018,25,LAA,hermomi01,2020,Bateador
63,Sam Hilliard,7,2019,2025,0,2.6,332,936,831,133,181,32,9,44,107,26,4,94,321,0.218,0.298,0.437,0.735,Aug 27 2019,26,COL,hillisa01,2020,Bateador
64,Nico Hoerner,8,2019,2026,0,23.3,790,3262,2961,413,821,150,15,40,314,143,28,227,344,0.277,0.337,0.379,0.715,Sep 9 2019,23,CHC,hoernni01,2020,Bateador
71,Carter Kieboom,5,2019,2025,0,-2.0,136,516,450,57,90,9,0,12,43,0,1,52,139,0.2,0.297,0.3,0.597,Apr 26 2019,22,WSN,kieboca01,2020,Bateador
74,Andrew Knizner,7,2019,2025,0,0.9,323,975,881,101,186,33,1,19,90,4,1,70,214,0.211,0.281,0.316,0.596,Jun 2 2019,25,STL,kniznan01,2020,Bateador
77,Kyle Lewis,5,2019,2023,0,1.8,146,580,514,70,121,14,0,26,59,7,1,61,177,0.235,0.317,0.414,0.732,Sep 10 2019,24,SEA,lewisky01,2020,Bateador
79,Tim Lopes,3,2019,2021,0,0.6,94,290,264,28,65,19,0,3,27,11,4,22,67,0.246,0.31,0.352,0.663,Jul 24 2019,26,SEA,lopesti01,2020,Bateador
80,Gavin Lux,6,2019,2025,0,7.2,552,1993,1779,243,456,90,16,33,208,20,5,201,445,0.256,0.332,0.381,0.713,Sep 2 2019,22,LAD,luxga01,2020,Bateador
82,Vimael Machín,4,2020,2025,0,-1.2,116,373,329,39,67,14,0,2,15,1,1,37,69,0.204,0.286,0.264,0.55,Jul 26 2020,26,ATH/OAK,machivi01,2020,Bateador
84,José Marmolejos,2,2020,2021,0,-0.8,76,237,213,23,39,8,0,10,30,0,1,22,71,0.183,0.262,0.362,0.623,Jul 24 2020,27,SEA,marmojo01,2020,Bateador
85,Jason Martin,3,2019,2021,0,-0.7,85,205,189,21,39,5,0,6,19,5,1,14,55,0.206,0.26,0.328,0.588,Apr 6 2019,24,PIT,martija03,2020,Bateador
86,Jorge Mateo,7,2020,2026,0,5.7,542,1533,1418,210,317,76,12,34,132,115,22,80,409,0.224,0.269,0.366,0.635,Aug 13 2020,25,SDP,mateojo01,2020,Bateador
88,Jack Mayfield,4,2019,2022,0,-0.1,156,476,442,51,89,22,1,13,53,6,0,23,115,0.201,0.248,0.344,0.592,May 27 2019,29,HOU,mayfija01,2020,Bateador
90,Ryan McBroom,3,2019,2021,0,-0.2,66,177,164,17,44,8,0,6,16,0,0,12,61,0.268,0.322,0.427,0.749,Sep 3 2019,28,KCR,mcbrory01,2020,Bateador
93,Reese McGuire,9,2018,2026,0,1.8,410,1212,1104,111,272,56,2,25,109,7,1,66,266,0.246,0.292,0.369,0.661,Sep 6 2018,25,TOR,mcguire01,2020,Bateador
97,Danny Mendick,6,2019,2024,0,0.2,231,656,604,70,140,23,2,14,57,8,2,42,151,0.232,0.286,0.346,0.632,Sep 3 2019,26,CHW,mendida01,2020,Bateador
100,Sean Murphy,8,2019,2026,1,15.6,608,2313,2007,268,456,109,3,93,285,1,0,237,567,0.227,0.324,0.424,0.747,Sep 4 2019,25,ATH/OAK,murphse01,2020,Bateador
102,Jacob Nottingham,4,2018,2021,0,0.5,53,130,114,16,21,3,0,8,23,0,0,11,50,0.184,0.277,0.421,0.698,Apr 16 2018,25,MIL,nottija01,2020,Bateador
103,Joseph Odom,2,2020,2021,0,-0.2,20,46,41,2,5,0,0,0,2,0,0,4,21,0.122,0.2,0.122,0.322,Jul 28 2020,28,SEA,odomjo01,2020,Bateador
110,Rangel Ravelo,2,2019,2020,0,-0.3,42,84,74,9,14,3,0,3,13,0,0,7,18,0.189,0.25,0.351,0.601,Jun 17 2019,28,STL,ravelra01,2020,Bateador
111,Edwin Ríos,6,2019,2024,0,-0.1,135,335,297,43,60,10,1,21,45,0,1,31,113,0.202,0.29,0.455,0.744,Jun 27 2019,26,LAD,riosed01,2020,Bateador
112,Luis Robert Jr.,7,2020,2026,1,15.9,601,2473,2263,328,584,118,2,104,306,104,26,162,653,0.258,0.313,0.45,0.763,Jul 24 2020,22,CHW,roberlu01,2020,Bateador
113,Brendan Rodgers,7,2019,2025,0,5.8,495,1957,1805,230,471,96,8,47,208,1,1,122,437,0.261,0.313,0.401,0.714,May 17 2019,23,COL,rodgebr02,2020,Bateador
127,Nick Solak,7,2019,2026,0,-0.1,263,995,883,118,220,35,3,21,94,19,8,75,199,0.249,0.325,0.367,0.692,Aug 20 2019,25,TEX,solakni01,2020,Bateador
130,Garrett Stubbs,8,2019,2026,0,1.1,214,549,485,72,103,17,3,7,46,10,1,47,128,0.212,0.291,0.303,0.594,May 28 2019,27,HOU,stubbga01,2020,Bateador
133,Beau Taylor,3,2018,2020,0,-0.2,25,60,51,4,6,1,0,2,4,0,0,7,18,0.118,0.237,0.255,0.492,Sep 1 2018,30,CLE,taylobe11,2020,Bateador
137,Abraham Toro,7,2019,2025,0,1.3,442,1582,1438,178,321,60,4,41,161,16,8,101,270,0.223,0.285,0.356,0.641,Aug 22 2019,23,HOU,toroab01,2020,Bateador
138,Jose Trevino,9,2018,2026,1,3.7,511,1635,1528,167,361,74,1,37,170,4,2,77,272,0.236,0.274,0.359,0.632,Jun 15 2018,27,TEX,trevijo01,2020,Bateador
139,Chadwick Tromp,7,2020,2026,0,-0.2,80,208,200,20,45,12,0,6,27,0,0,3,61,0.225,0.232,0.375,0.607,Jul 29 2020,25,SFG,trompch01,2020,Bateador
140,Yoshi Tsutsugo,3,2020,2022,0,-2.3,182,640,557,65,110,21,2,18,75,0,1,74,172,0.197,0.291,0.339,0.63,Jul 24 2020,28,TBR,tsutsyo01,2020,Bateador
145,Daulton Varsho,7,2020,2026,0,18.9,723,2666,2402,349,551,118,21,106,318,60,16,222,653,0.229,0.298,0.428,0.727,Jul 30 2020,23,ARI,varshda01,2020,Bateador
146,Andrew Velazquez,6,2018,2023,0,1.2,275,624,566,77,107,19,2,12,40,40,7,38,211,0.189,0.244,0.293,0.537,Sep 2 2018,25,BAL,velazan01,2020,Bateador
147,LaMonte Wade Jr.,8,2019,2026,0,4.6,564,1920,1629,224,385,69,9,56,189,13,4,240,404,0.236,0.341,0.393,0.734,Jun 28 2019,26,MIN,wadela01,2020,Bateador
148,Jared Walsh,6,2019,2024,1,1.4,381,1410,1288,155,308,67,6,59,191,4,2,104,406,0.239,0.301,0.438,0.739,May 15 2019,26,LAA,walshja01,2020,Bateador
151,Evan White,2,2020,2021,0,-0.7,84,306,279,27,46,10,0,10,35,1,2,24,115,0.165,0.235,0.308,0.544,Jul 24 2020,24,SEA,whiteev01,2020,Bateador
5,Anthony Alford,6,2017,2022,0,-0.2,46,75,71,9,11,1,0,2,5,6,0,3,30,0.155,0.2,0.254,0.454,May 19 2017,25,TOR,alforan01,2020,Bateador
5,Anthony Alford,6,2017,2022,0,0.1,56,165,149,16,35,6,2,6,15,5,6,13,61,0.235,0.309,0.423,0.732,May 19 2017,25,PIT,alforan01,2020,Bateador
104,Edward Olivares,5,2020,2024,0,0.0,217,735,678,90,180,34,5,23,70,15,11,39,130,0.265,0.315,0.432,0.747,Jul 25 2020,24,KCR,olivaed02,2020,Bateador
104,Edward Olivares,5,2020,2024,0,-0.7,55,196,174,22,39,4,0,5,23,1,0,16,37,0.224,0.291,0.333,0.624,Jul 25 2020,24,PIT,olivaed02,2020,Bateador
104,Edward Olivares,5,2020,2024,0,-0.5,13,36,34,4,6,1,0,1,3,0,1,2,14,0.176,0.222,0.294,0.516,Jul 25 2020,24,SDP,olivaed02,2020,Bateador
